{
    "name": "奥秘附魔",
    "icon": "minecraft:enchanted_book",
    "category": "archon:effects_enchants",
    "sortnum": 3,
    "pages": [
        {
            "type": "patchouli:text",
            "text": "奥秘附魔可将武器的法力消耗减少$(#2895CB)20%$()。无法应用于像Channeler和$(l:archon:necromancy/undead_staff)不朽法杖$()这样的特殊物品。奥秘是一种珍贵附魔，只能从$(l:archon:world/wizard)Wizard$()巫师或图书管理员买到。"
        }
    ]
}