{
    "name": "AE能量",
    "icon": "ae2:energy_cell",
    "category": "ae2:concepts",
    "pages": [
        {
            "type": "patchouli:text",
            "text": "$(thing)ME系统$()使用一种独特的能量形式，以$(thing)AE$()为单位进行测量。$(br2)一些$(item)外部能源系统$()可以转换为$(thing)AE$()，但这种转换只能单向进行。$(br2)可用的$(item)外部能源系统$()取决于你特定的模组包设置。"
        },
        {
            "flag": "mod:fabric-api",
            "type": "patchouli:text",
            "title": "Fabric转换",
            "text": "Tech Reborn的“$(thing)能量$()“转换成$(thing)AE$()的默认比率为$(thing)$(bold)2 E = 1 AE$()。"
        },
        {
            "flat": "mod:forge",
            "type": "patchouli:text",
            "title": "Forge转换",
            "text": "“$(thing)Forge能量$()“($(thing)FE$())，有时也称为“$(thing)红石通量$()“($(thing)RF$())，甚至有其他名称($(thing)IF$()、$(thing)CF$()、$(thing)µI$()等)，是最广泛使用的能源系统。它以默认比率$(thing)$(bold)2 FE = 1 AE$()进行转换成$(thing)AE$()。"
        },
        {
            "type": "patchouli:text",
            "title": "转换机器",
            "text": "以下机器接受$(thing)外部能源$()，但只用于自身。$(li)$(l:ae2:getting_started/charger)充电器$(/l)$(li)$(l:ae2:getting_started/inscriber)铭刻机$(/l)$(li)$(l:ae2:todo)ME箱子$(/l)$(br2)以下方块能够接受$(thing)外部能源$()，并将其转换为整个网络的$(thing)AE$()。$(li)$(item)能量接收器$()$(li)$(l:ae2:todo)ME控制器$(/l)"
        },
        {
            "type": "patchouli:crafting",
            "recipe": "ae2:network/blocks/energy_energy_acceptor",
            "recipe2": "ae2:network/parts/energy_acceptor"
        },
        {
            "type": "patchouli:text",
            "title": "能量存储",
            "text": "$(thing)AE$()能量存储在网络中。以下方块增加了可存储的能量容量。$(li)任何ME网络:800 $(thing)AE$()$(li)$(l:ae2:todo)ME控制器$(/l):8，000 $(thing)AE$()$(li)$(item)能量电池$():200k $(thing)AE$()$(li)$(item)稠密能量电池$():1.6M $(thing)AE$()$(br2)常见的初学者问题是缺乏$(thing)AE能量存储$(energy storage)$()。如果你遇到能量问题（系统空白或持续重新启动），你应该添加$(item)能量电池$()。"
        },
        {
            "type": "patchouli:crafting",
            "recipe": "ae2:network/blocks/energy_energy_cell",
            "recipe2": "ae2:network/blocks/energy_dense_energy_cell"
        },
        {
            "type": "patchouli:text",
            "title": "能量传输",
            "text": "$(thing)AE能量$()在整个$(thing)网络$()中可用。它遵循与$(l:ae2:concepts/channels)通道$(/l)相同的连接规则，只有一个例外。$(br2)$(l:ae2:todo)石英纤维$()是一种电缆多部件，它可以阻止$(thing)通道$()通过，但允许$(thing)AE能量$()在$(thing)网络$()之间传输。它对于$(l:ae2:todo)子网络$()非常有用。$(br2)$(item)能量电池$()在被拆除时可以保持它们的电荷。"
        },
        {
            "type": "patchouli:text",
            "title": "能量使用",
            "text": "$(thing)AE能量$()被网络用于不同的用途，例如...$(li)每个通道需要通过的方块数量（主控网络比即兴网络更高效）$(li)被动耗电的组件$(li)主动耗电以执行特定任务的组件$(br2)$(l:ae2:todo)主控器$(/l)或$(l:ae2:todo)网络工具$(/l)可以显示能量数量。"
        },
        {
            "type": "patchouli:crafting",
            "recipe": "ae2:network/blocks/energy_vibration_chamber",
            "text": "如果没有$(thing)外部能源系统$()，则可以使用$(item)振动室$()通过$(thing)熔炉燃料$()直接产生$(thing)AE能量$()。 默认设置下，1个$(item)煤炭$()可以在40 $(thing)AE$()/t的速度下产生8，000 $(thing)AE$()。"
        },
        {
            "type": "patchouli:text",
            "title": "额外说明",
            "text": "值得注意的是，一些$(thing)HUD Mod$()仅显示本地存储的能量数量，并在由$(thing)网络$()供电的$(l:ae2:getting_started/inscriber)铭刻机$(/l)等设备上显示0。  $(item)铭刻机$()仍然可以正常运行。$(br2)虽然$(l:ae2:todo)主控器$(/l)可以接受$(thing)外部能源$()，但它通常会占用一个面（32个潜在$(thing)通道$()），因此通常最好仍然使用$(item)能源接收器$()作为输入。"
        }
    ]
}