{
    "name": "Boss 物品",
    "icon": "minecraft:ender_chest",
    "category": "apotheosis:adventure/bosses",
    "flag": "apotheosis:adventure",
    "sortnum": 0,
    "pages": [
        {
            "type": "patchouli:text",
            "text": "每个 Boss 都掌握着一件具有附加值的物品，以及其他完全附魔的装备。$(p)此附加值物品保证在 Boss 死亡时掉落，并且比其他附加值掉落源具有更高的稀有度。"
        },
        {
            "type": "patchouli:text",
            "text": "这个物品是你在击败 Boss 后的纪念品，它很有可能是值得的。$(p)作为原所有者的纪念品，每个 Boss 物品的名称前缀都会有Boss的名字。"
        }
    ]
}