{
    "name": "Boss 地下城",
    "icon": "minecraft:spawner",
    "category": "apotheosis:adventure/bosses",
    "flag": "apotheosis:adventure",
    "sortnum": -1,
    "pages": [
        {
            "type": "patchouli:text",
            "text": "在地球古老的洞穴深处隐藏着建筑结构，其中藏有附加值的无尽力量。如果这些力量可以自由获取，那将是一个令人欣慰的惊喜，但不幸的是，它被一个 Boss 防御。"
        },
        {
            "type": "patchouli:text",
            "text": "在地下发现了一些不同种类的 Boss 地下城结构。每个地下城都包含一个 Boss 刷怪笼和几个战利品箱子。当靠近刷怪笼时，会引发刷怪笼，释放出被困的 Boss。"
        }
    ]
}