{
    "name": "入侵 Boss",
    "icon": "minecraft:beacon",
    "category": "apotheosis:adventure/bosses",
    "flag": "apotheosis:adventure",
    "sortnum": 0,
    "pages": [
        {
            "type": "patchouli:text",
            "text": "一个奇怪的噪音，一个奇特的消息，以及一束从天空射下的光束……$(p)所有迹象都指向一个入侵你的世界的 Boss。"
        },
        {
            "type": "patchouli:text",
            "text": "与在地牢中发现的 Boss 不同，入侵 Boss 可能偶尔会出现在能够生成普通生物的表面上。$(p)他们的到来将标志着强烈的噪音、状态信息和从他们的产生点短暂发出的信标。"
        }
    ]
}