{
    "name": "流体雾化器",
    "icon": "alchemistry:atomizer",
    "category": "alchemistry:atomizer_category",
    "pages": [
        {
            "type": "text",
            "text": "雾化器是一个可动力驱动的机器，用于将流体转化为它们等效的Alchemistry元素或化合物。$(br)$(o)来自Warren教授的注释:液体是最简单易分解的。只需使用活塞将它们从铁锅中压出，就可以将它们变成易于存储的原子瓶。"
        },
        {
            "type": "crafting",
            "recipe": "alchemistry:atomizer"
        }
    ]
}