{
    "name": "物品交易",
    "icon": "minecraft:piglin_spawn_egg",
    "category": "allthemodium:misc",
    "sortnum": 2,
    "pages": [
        {
            "type": "entity",
            "entity": "minecraft:piglin",
            "rotate": "false",
            "default_rotation": "-45"
        },
        {
            "type": "spotlight",
            "item": "minecraft:gold_ingot",
            "title": "物品交易",
            "link_recipe": false,
            "text": "猪灵交易可用于早期获得好的物品，您可以通过投掷金 ingot 或右键投掷金 ingot 与他们进行交易。(br2)有关添加交易的信息，请参见下一页。"
        },
        {
            "type": "text",
            "text": "$(li)Allthemodium靴-重量1$(li)Allthemodium药水-重量1$(li)2-4个Allthemodium苹果-重量4$(li)1-2个Allthemodium胡萝卜-重量3$(li)1-4个Allthemodium小块-重量8"
        },
        {
            "type": "text",
            "text": ""
        }
    ]
}