{
    "name": "紫水晶傀儡",
    "icon": "adventurez:stone_golem_heart",
    "category": "adventurez:mob_category",
    "pages": [
        {
            "type": "text",
            "text": "紫水晶傀儡可以在晶洞中找到，它们不喜欢人类，因为大多数人都只想着利益，挖出紫水晶时留下一个空的无爱洞穴。当你破坏紫水晶时，它会发怒!"
        },
        {
            "type": "entity",
            "name": "展示",
            "entity": "adventurez:amethyst_golem",
            "offset": 0.2
        }
    ]
}