{
    "name": "烈焰守卫",
    "icon": "adventurez:stone_golem_heart",
    "category": "adventurez:mob_category",
    "pages": [
        {
            "type": "text",
            "text": "烈焰守卫可以在地狱堡垒中找到，会保卫它，直到死亡。小心它的火焰爆炸攻击，可能会杀死你。它周围的护盾可以保护它但也可以被摧毁。如果附近有守卫，则烈焰生成器将无法工作。"
        },
        {
            "type": "entity",
            "name": "展示",
            "entity": "adventurez:blaze_guardian",
            "offset": 0.2
        }
    ]
}