{
    "name": "龙",
    "icon": "adventurez:stone_golem_heart",
    "category": "adventurez:mob_category",
    "pages": [
        {
            "type": "text",
            "text": "龙是极知名的末影龙的孩子。你需要孵化龙蛋，它将随着时间成长。稍后它可以被骑乘，如果足够大，甚至可以携带一个箱子。它喜欢吃兽人皮，但它也对生肉没有偏见，所以如果它的健康状况降低，就喂它吧。"
        },
        {
            "type": "entity",
            "name": "展示",
            "entity": "adventurez:dragon",
            "scale": 1.1,
            "offset": -1.2
        },
        {
            "type": "text",
            "title": "孵化龙蛋",
            "text": "在获得龙蛋后，您将不得不召唤并杀死眼球以获得声名效应。如果安装了VoidZ，则必须杀死虚空影子。在您的基地上建立一个巢，以安全地孵化蛋。如果它感觉到您的声望，它将开始孵化并发射粒子。"
        },
        {
            "type": "text",
            "title": "成长",
            "text": "龙孵化后，您可以用兽人皮喂养它以加快成长速度，如果它足够饥饿。它的体型会增长两倍，直到成为大龙。在第一阶段之后，您可以装上龙鞍骑它，第二阶段后您可以装上箱子，这时它已经够老了，可以喷火了。"
        }
    ]
}