{
    "name": "末影鲸",
    "icon": "adventurez:stone_golem_heart",
    "category": "adventurez:mob_category",
    "pages": [
        {
            "type": "text",
            "text": "末影鲸是友善的生物，飞在虚空中。它们是可骑乘的，即使有朋友一起骑。使用末影笛召唤它们。获得紫颂果并用其制作紫颂果棒，以控制骑行方向。"
        },
        {
            "type": "entity",
            "name": "展示",
            "entity": "adventurez:ender_whale",
            "rotate": false,
            "default_rotation": 25.0,
            "scale": 0.6,
            "offset": -0.3
        },
        {
            "type": "spotlight",
            "item": "adventurez:ender_flute",
            "link_recipe": true,
            "text": "末影笛是一种古老的乐器，用于叫末影鲸骑行。"
        },
        {
            "type": "crafting",
            "recipe": "adventurez:ender_flute"
        },
        {
            "type": "spotlight",
            "item": "adventurez:chorus_fruit_on_a_stick",
            "link_recipe": true,
            "text": "紫颂果棒是一种简单的棍子，可以控制末影鲸，因为它们喜欢吃这些果实。"
        },
        {
            "type": "crafting",
            "recipe": "adventurez:chorus_fruit_on_a_stick"
        }
    ]
}