{
    "name": "鬣蜥",
    "icon": "adventurez:stone_golem_heart",
    "category": "adventurez:mob_category",
    "pages": [
        {
            "type": "text",
            "text": "鬣蜥是友善的生物，喜欢吃枯灌木，可以用干燥的灌木丛繁殖，并生存在沙漠生物群系中。"
        },
        {
            "type": "entity",
            "name": "展示",
            "entity": "adventurez:iguana",
            "scale": 0.7,
            "offset": -0.3
        }
    ]
}