{
    "name": "死灵法师",
    "icon": "adventurez:stone_golem_heart",
    "category": "adventurez:mob_category",
    "pages": [
        {
            "type": "text",
            "text": "黑暗的死灵法师把下界要塞当做家。它学会了使用黑暗魔法，并召唤凋零傀儡来保护自己。"
        },
        {
            "type": "entity",
            "name": "展示",
            "entity": "adventurez:necromancer",
            "offset": 0.2
        },
        {
            "type": "text",
            "title": "凋零傀儡",
            "text": "凋零傀儡受其领导者控制，并感染其敌人凋零效果。消灭它的领导者可以销掉它的意志。"
        },
        {
            "type": "entity",
            "name": "展示",
            "entity": "adventurez:wither_puppet",
            "scale": 1.1
        }
    ]
}