{
    "name": "夜魇",
    "icon": "adventurez:stone_golem_heart",
    "category": "adventurez:mob_category",
    "pages": [
        {
            "type": "text",
            "text": "夜魇是灵魂收割者的坐骑，在灵魂沙谷中发现。它有一个黑暗的灵魂，因为受到骑手的影响。它是可以驯服的。"
        },
        {
            "type": "entity",
            "name": "展示",
            "entity": "adventurez:nightmare",
            "scale": 0.6,
            "offset": 0.5
        }
    ]
}