{
    "name": "兽人",
    "icon": "adventurez:stone_golem_heart",
    "category": "adventurez:mob_category",
    "pages": [
        {
            "type": "text",
            "text": "兽人会在您的世界中漫游。如果周围有更大的兽人，其他兽人将试图聚集在一起。小兽人会试图抢走您的工具并逃跑，所以请小心这些讨厌的生物。您在平原上就能找到它们。"
        },
        {
            "type": "entity",
            "name": "展示",
            "entity": "adventurez:orc",
            "scale": 1.3,
            "offset": -0.5
        }
    ]
}