{
    "name": "疣猪兽",
    "icon": "adventurez:stone_golem_heart",
    "category": "adventurez:mob_category",
    "pages": [
        {
            "type": "text",
            "text": "猪灵巨兽！如果你杀死了太多它的朋友或挖掘金矿时，猪灵会召唤它。它可能会掉落猪灵旗帜。"
        },
        {
            "type": "entity",
            "name": "展示",
            "entity": "adventurez:piglin_beast",
            "scale": 0.9,
            "offset": 0.3
        }
    ]
}