{
    "name": "灵魂收割者",
    "icon": "adventurez:stone_golem_heart",
    "category": "adventurez:mob_category",
    "pages": [
        {
            "type": "text",
            "text": "灵魂收割者比你见过的任何凋零骷髅更致命。它会用凋零箭射击你或用下界合金剑砍断你，它已准备好应对任何情况。通常，它骑着噩梦兽在灵魂沙谷中快速穿梭，你可以在那里找到它。"
        },
        {
            "type": "entity",
            "name": "展示",
            "entity": "adventurez:soul_reaper"
        }
    ]
}