{
    "name": "黑石魔像",
    "icon": "adventurez:stone_golem_heart",
    "category": "adventurez:mob_category",
    "pages": [
        {
            "type": "text",
            "text": "黑石魔像是《我的世界》中最致命的生物。在魔像祭坛上召唤它，它会毁灭你的世界直到它杀死了你。但如果你设法杀死了它，无论你如何，它都会分裂成两半。"
        },
        {
            "type": "entity",
            "name": "展示",
            "entity": "adventurez:stone_golem",
            "scale": 0.8
        },
        {
            "type": "text",
            "title": "小石魔像",
            "text": "小黑石魔像是黑石魔像的残骸，可以在玄武岩三角洲中找到。"
        },
        {
            "type": "entity",
            "name": "展示",
            "entity": "adventurez:small_stone_golem",
            "scale": 0.5
        }
    ]
}