{
    "name": "召唤者",
    "icon": "adventurez:stone_golem_heart",
    "category": "adventurez:mob_category",
    "pages": [
        {
            "type": "text",
            "text": "召唤者会在你不经意间突然出现。但只有在暴风雨期间，你才有机会看到它。它还学会了处理不同的法术，可能会让你感到惊讶，并且在战斗中会召唤守卫。"
        },
        {
            "type": "entity",
            "name": "展示",
            "entity": "adventurez:summoner"
        },
        {
            "type": "text",
            "title": "骷髅先锋",
            "text": "先锋将保护它的召唤者并攻击敌人。它可以用盾牌招架敌人的攻击。"
        },
        {
            "type": "entity",
            "name": "展示",
            "entity": "adventurez:skeleton_vanguard"
        }
    ]
}