{
    "name": "眼",
    "icon": "adventurez:stone_golem_heart",
    "category": "adventurez:mob_category",
    "pages": [
        {
            "type": "text",
            "text": "从未见过的眼会吸取你的所有能量，直到你成为一具尸体。它可以在祭坛处召唤。如果安装了VoidZ，它将生成到Void Shadow维度的传送门。"
        },
        {
            "type": "entity",
            "name": "展示",
            "entity": "adventurez:the_eye",
            "offset": 0.6
        }
    ]
}