{
    "name": "虚空阴影",
    "icon": "adventurez:stone_golem_heart",
    "category": "adventurez:mob_category",
    "pages": [
        {
            "type": "text",
            "text": "虚空阴影是《我的世界》中的最终Boss，在不同的虚空中出现。如果你设法杀死它，你将成为大家熟知的人物，即使村民也将认出你的名字。当眼睛被杀时，将生成通往这个维度的传送门。"
        },
        {
            "type": "entity",
            "name": "展示",
            "entity": "adventurez:void_shadow",
            "scale": 0.8,
            "offset": 0.8
        },
        {
            "type": "text",
            "title": "虚空影",
            "text": "虚空影是一种追杀你生命的生物。它会发射虚空子弹，可以通过拳击它们来阻挡。"
        },
        {
            "type": "entity",
            "name": "展示",
            "entity": "adventurez:void_shade"
        },
        {
            "type": "text",
            "title": "虚空碎片",
            "text": "在与虚空阴影的战斗中，虚空碎片会生成。不要靠得太近，这本书警告了你！更大的碎片被称为虚空宝珠，只能被虚空子弹杀死，但会对阴影造成伤害。"
        },
        {
            "type": "entity",
            "name": "展示",
            "entity": "adventurez:void_fragment",
            "scale": 0.6
        },
        {
            "type": "link",
            "title": "VoidZ附属模组",
            "text": "你需要下载和安装VoidZ模组，因为虚空影只会在一个新的维度中出现，这个维度只用于战斗。这个模组之所以是附加组件，是因为Fabric有其自己的维度API，当进行更大的更新时，可能无法更新得很快。",
            "url": "https://www.curseforge.com/minecraft/mc-mods/voidz",
            "link_text": "VoidZ Mod Page"
        },
        {
            "type": "empty",
            "draw_filler": false
        }
    ]
}