{
    "name": "神器属性",
    "icon": "minecraft:experience_bottle",
    "category": "apotheosis:adventure/affix_loot",
    "flag": "apotheosis:adventure",
    "sortnum": 0,
    "pages": [
        {
            "type": "patchouli:text",
            "text": "$(6)词缀$()是翻译物品的核心驱动力。每个词缀都类似于魔咒，为其附着的物品提供特定的奖励。$(p)本书不会列出所有的词缀，因为这要由你自己去摸索，但它会帮助你理解它们。"
        },
        {
            "type": "patchouli:text",
            "title": "词缀类型",
            "text": "有几种不同类型的词缀，每种类型都有一组特定的功能。$(p)应用于物品的哪种词缀取决于物品的$(l:apotheosis:adventure/affix_loot/rarities)稀有度$()。"
        },
        {
            "type": "patchouli:text",
            "title": "属性词缀",
            "text": "最常见的词缀类型是属性词缀。这些词缀为特定属性提供简单的奖励，适用于所有稀有度。更高的稀有度会获得额外的属性词缀。"
        },
        {
            "type": "patchouli:text",
            "title": "效果词缀",
            "text": "效果词缀是最有趣的一类词缀。它们可以自如地为物品添加各种附加功能，从简单的实用奖励到强大的战斗效果都有。$(p)它们只能在稀有度为稀有和以上的物品上找到。"
        },
        {
            "type": "patchouli:text",
            "title": "插孔",
            "text": "插孔是一种特殊类型的词缀，只是提供一个容器，用于放置$(l:apotheosis:adventure/affix_loot/gems)宝石$()。$(p)宝石可以提供巨大的奖励，但很难找到。"
        },
        {
            "type": "patchouli:text",
            "title": "耐久度词缀",
            "text": "耐久度词缀使物品更耐用，适用于所有稀有度为稀有及以上的物品。$(p)它应用于所有其他伤害抵抗之后，使其与不损耗附魔相乘。"
        }
    ]
}