{
    "name": "宝石",
    "icon": "apotheosis:gem",
    "category": "apotheosis:adventure/affix_loot",
    "flag": "apotheosis:adventure",
    "sortnum": 1,
    "pages": [
        {
            "type": "patchouli:text",
            "text": "$(9)宝石$()是浓缩力量的水晶。$(p)当宝石放置在词缀物品中时，每当物品按照正常方式使用时，宝石就会提供强大的属性奖励。"
        },
        {
            "type": "patchouli:text",
            "title": "获取宝石",
            "text": "宝石可以在箱子掉落中找到，也可能在杀怪时很少掉落。但是，为了掉落宝石，杀手必须是真正的玩家，而不是机器或其他自动化来源。$(p)宝石从Boss身上掉落的可能性更大。"
        },
        {
            "type": "patchouli:text",
            "title": "插入宝石",
            "text": "将宝石插入物品中，需要在铁匠台上合成这两个物品。$(p)把物品放在左边，宝石放在右边。$(p)宝石不需要放置在正确的物品中，只要物品在使用时它们就会一直提供奖励。"
        },
        {
            "type": "patchouli:text",
            "title": "移除宝石",
            "text": "从物品中删除宝石是一个困难的过程，但是一些聪明的炼金术士找到了如何做到这一点的方法。$(p)他们的笔记详细说明在下面的几页中。"
        },
        {
            "type": "patchouli:crafting",
            "recipe": "apotheosis:vial_of_expulsion",
            "title": "灼热驱逐",
            "text": "在铁匠台上将插入的物品与一个$(9)灼热驱逐药剂瓶$()结合使用，可移除宝石并摧毁它们。"
        },
        {
            "type": "patchouli:crafting",
            "recipe": "apotheosis:vial_of_extraction",
            "title": "奥术萃取",
            "text": "在铁匠台上将插入的物品与一个$(9)奥术萃取药剂瓶$()结合使用，可取出宝石并摧毁该物品。"
        }
    ]
}