{
    "name": "稀有度",
    "icon": "minecraft:nether_star",
    "category": "apotheosis:adventure/affix_loot",
    "flag": "apotheosis:adventure",
    "sortnum": 0,
    "pages": [
        {
            "type": "patchouli:text",
            "text": "每个带附魔效果的物品都有对应的$(9)稀有度$()。稀有度决定了物品的强度和所拥有的附魔效果数量。$(p)稀有度越高，物品就越强。"
        },
        {
            "type": "patchouli:text",
            "title": "普通",
            "text": "$(#808080)普通$()物品是带附魔效果物品中最基础的类型。每个普通物品都只有一个属性加成，很少有几率获得一个额外的加成。"
        },
        {
            "type": "patchouli:text",
            "title": "非凡",
            "text": "$(#33FF33)非凡$()物品比普通物品更强，但仍然无法获得独特的效果。这些物品通常有两个属性加成，还可能会获得第三个属性加成。$(p)它们也可能会获得一个插槽。"
        },
        {
            "type": "patchouli:text",
            "title": "稀有",
            "text": "$(#5555FF)稀有$()物品是附魔效果开始闪耀的地方。这些物品拥有三个属性加成和一个特殊效果，并可能获得第二个效果。$(p)它们还可以获得一个插槽，并且始终具有轻微的耐久度加成。"
        },
        {
            "type": "patchouli:text",
            "title": "史诗",
            "text": "$(#BB00BB)史诗$()物品已接近卓越之境。它们有三个属性加成和一个效果，并可能获得第四个属性和第二个效果。$(p)它们还可以获得最多两个插槽，并具有更强的耐久度加成。"
        },
        {
            "type": "patchouli:text",
            "title": "神话",
            "text": "$(#ED7014)神话$()物品是由一位具有极大力量的失落实体锻造而成。它们有四个属性加成和两个效果，并可能获得第三个效果和三个插槽。$(p)它们还具有重要的耐久度加成。"
        },
        {
            "type": "patchouli:text",
            "title": "古代",
            "text": "$(b)古代$()物品是创造的巅峰，是一种难以想象的巨大力量的集中体现，只赐予最幸运的人。$(p)它们如此罕见，以至于有些人会认为它们甚至还没有被实现..."
        }
    ]
}