{
    "name": "重铸",
    "icon": "apotheosis:reforging_table",
    "category": "apotheosis:adventure/affix_loot",
    "flag": "apotheosis:adventure",
    "sortnum": 4,
    "pages": [
        {
            "type": "patchouli:crafting",
            "recipe": "apotheosis:reforging_table",
            "text": "$(9)重铸台$()可用于赋予物品新的生命，抹去任何附魔效果并授予全新的效果。"
        },
        {
            "type": "patchouli:text",
            "text": "通过$(9)稀有度材料$()的原始潜力和$(9)宝石尘$()的多样性，现在可以使用全新的附魔效果重铸物品。$(p)重铸不仅限于已经拥有附魔效果的物品，而是可以对任何有效物品进行操作。"
        },
        {
            "type": "patchouli:image",
            "title": "输入插槽",
            "images": [
                "apotheosis:textures/gui/book/reforge_slots.png"
            ],
            "text": "重铸台有三个输入插槽。"
        },
        {
            "type": "patchouli:text",
            "title": "输入插槽",
            "text": "顶部插槽放置将要重铸的物品。$(p)左边的插槽接受$(9)稀有度材料$()。$(p)右边的插槽用于宝石尘。$(p)所有插槽都必须填满才能成功重铸。"
        },
        {
            "type": "patchouli:image",
            "title": "重铸",
            "images": [
                "apotheosis:textures/gui/book/reforge_menu.png"
            ],
            "text": "与附魔台类似，你有三个选择。"
        },
        {
            "type": "patchouli:text",
            "title": "重铸",
            "text": "每个选择都代表了一个物品重铸为新形态的潜力。每个选择的成本都不同，需要分别花费2/4/6个宝石尘、稀有度材料和经验等级。$(p)要重铸物品，只需单击所需的选择。"
        },
        {
            "type": "patchouli:text",
            "title": "注",
            "text": "物品可以被重铸多次，但必须先拿起并替换物品。$(p)没有哪种选择比其他选择更强。$(p)重铸桌使用你的附魔种子来决定选择。"
        }
    ]
}