{
    "name": "分解",
    "icon": "apotheosis:salvaging_table",
    "category": "apotheosis:adventure/affix_loot",
    "flag": "apotheosis:adventure",
    "sortnum": 3,
    "pages": [
        {
            "type": "patchouli:crafting",
            "recipe": "apotheosis:salvaging_table",
            "text": "$(9)分解桌$()用于将附魔物品分解为相应的$(9)稀有材料$()。"
        },
        {
            "type": "patchouli:spotlight",
            "item": "apotheosis:common_material",
            "link_recipe": true,
            "text": "一种形状奇怪的难以辨认的金属片。$(p)分解普通物品时可以获得此材料。"
        },
        {
            "type": "patchouli:spotlight",
            "item": "apotheosis:uncommon_material",
            "link_recipe": true,
            "text": "一种极其耐用的面料，经历了无数岁月的摧残，却毫不掉线。$(p)分解不寻常的物品时会发现这种材料。"
        },
        {
            "type": "patchouli:spotlight",
            "item": "apotheosis:rare_material",
            "link_recipe": true,
            "text": "这是曾经存在过最亮的水晶之一的一片。虽然只是一个碎片，但它包含着强大的魔法力量。$(p)从分解稀有物品中获得。"
        },
        {
            "type": "patchouli:spotlight",
            "item": "apotheosis:epic_material",
            "link_recipe": true,
            "text": "来自一个魔法王国的沙粒，那里的奥术魔法诡异了所有的生命。$(p)分解史诗物品时会变成这种形式。"
        },
        {
            "type": "patchouli:spotlight",
            "item": "apotheosis:mythic_material",
            "link_recipe": true,
            "text": "一颗经过纯净的神力净化的珍珠。内部封印的巨大能量使其异常不稳定。$(p)这些非凡的创造物只能通过分解神话物品获得。"
        }
    ]
}