{
    "category": "bewitchment:creatures",
    "name": "巴福梅特",
    "icon": "bewitchment:baphomet_spawn_egg",
    "advancement": "bewitchment:hidden_unlocks/demon_heart",
    "pages": [
        {
            "type": "patchouli:text",
            "text": "巴福梅特，一个古老的$(l:bewitchment:creatures/demon)大恶魔$()，掌管着火焰、魔法等等，向世界上许多女巫提供$(l:bewitchment:contracts/concept_contracts)契约$()。$(br2)当$(l:bewitchment:tools/grotesque_stew)承诺$()后，你可以以更低的价格与他们交易更多的$(l:bewitchment:contracts/concept_contracts)契约$()。$(br2)任何实力足够强的女巫都可以$(l:bewitchment:rituals/summon_baphomet)召唤$()巴福梅特。"
        },
        {
            "type": "patchouli:entity",
            "entity": "bewitchment:baphomet",
            "offset": 0.2
        }
    ]
}