{
    "category": "bewitchment:creatures",
    "name": "猫咪",
    "icon": "minecraft:cat_spawn_egg",
    "advancement": "bewitchment:hidden_unlocks/demon_heart",
    "pages": [
        {
            "type": "patchouli:text",
            "text": "猫儿是善变的动物。即便如此，它们的存在对许多人来说都很舒缓。$(br2)当它们成为$(l:bewitchment:rituals/binding)使魔$()时，猫儿将极大地帮助$(l:bewitchment:rituals/rituals)仪式$()的进行。$(br2)此外，苦力怕和幽灵不会靠近绑有猫儿$(l:bewitchment:rituals/binding)使魔$()的女巫。"
        },
        {
            "type": "patchouli:entity",
            "entity": "minecraft:cat",
            "scale": 0.6
        }
    ]
}