{
    "category": "bewitchment:creatures",
    "name": "恶魔",
    "icon": "bewitchment:demon_spawn_egg",
    "advancement": "bewitchment:hidden_unlocks/demon_horn",
    "extra_recipe_mappings": {
        "bewitchment:demon_heart": 1
    },
    "pages": [
        {
            "type": "patchouli:text",
            "text": "恶魔是从地狱深渊中爬出来的可怕生物，通常是通过$(l:bewitchment:rituals/summon_demon)召唤$()而来。它们会用火攻击周围的任何生物，并弱于惩击。$(br2)穿$(l:bewitchment:tools/besmirched_armor)污秽盔甲$()，可以安全地接近恶魔，获得$(l:bewitchment:contracts/concept_contracts)契约$()。$(br2)杀死恶魔会掉落至少一个恶魔之心。"
        },
        {
            "type": "patchouli:entity",
            "entity": "bewitchment:demon",
            "offset": 0.2
        }
    ]
}