{
    "category": "bewitchment:creatures",
    "name": "幽灵",
    "icon": "bewitchment:ghost_spawn_egg",
    "extra_recipe_mappings": {
        "bewitchment:ectoplasm": 1
    },
    "pages": [
        {
            "type": "patchouli:text",
            "text": "幽灵是迷失的灵魂，在夜间漫游。$(br2)一旦注意到附近的人类，它们会施加短暂的诅咒，形成负面状态效果。$(br2)杀死幽灵会掉落水晶骨。"
        },
        {
            "type": "patchouli:entity",
            "entity": "bewitchment:ghost",
            "offset": 0.1
        }
    ]
}