{
    "category": "bewitchment:creatures",
    "name": "地狱犬",
    "icon": "bewitchment:hellhound_spawn_egg",
    "advancement": "minecraft:nether/root",
    "extra_recipe_mappings": {
        "bewitchment:demon_horn": 1
    },
    "pages": [
        {
            "type": "patchouli:text",
            "text": "地狱犬会在下界生成。$(br2)充满攻击性，它们会攻击附近的任何人，但会尊重穿着$(l:bewitchment:tools/besmirched_armor)污秽盔甲$()的人。$(br2)击杀地狱犬会掉落恶魔角。"
        },
        {
            "type": "patchouli:entity",
            "entity": "bewitchment:hellhound",
            "scale": 0.6
        }
    ]
}