{
    "category": "bewitchment:creatures",
    "name": "赫恩",
    "icon": "bewitchment:herne_spawn_egg",
    "advancement": "bewitchment:hidden_unlocks/demon_heart",
    "pages": [
        {
            "type": "patchouli:text",
            "text": "赫恩，野猎之王，通常被遭受$(l:bewitchment:curses/lycanthropy)狼人诅咒$()的人宣誓效忠。他可以完全控制$(l:bewitchment:curses/conducting_curses)诅咒$()，使受害者能够随意转化。或者，他可以用$(l:bewitchment:introduction/crops)乌头$()代替，完全消除$(l:bewitchment:curses/conducting_curses)诅咒$()。$(br2)召唤他需要相当复杂的仪式，将在本条目中概述。"
        },
        {
            "type": "patchouli:entity",
            "entity": "bewitchment:herne",
            "offset": 0.2
        },
        {
            "type": "patchouli:text",
            "title": "如何召唤赫恩",
            "text": "召唤赫恩需要几个物品:$(li)一个$(l:bewitchment:tools/brazier#mortal_coil)肉体灵气香$()$(li)一只狼$(li)森林或针叶林生物群系$(br2)首先，在正确的生物群系中，在夜晚启动$(l:bewitchment:tools/brazier#incense)香火$()。然后你需要用$(l:bewitchment:tools/athame)祭剑$()杀死一只狼，不要离得太远。"
        },
        {
            "type": "patchouli:text",
            "text": "明智地选择做这件事的地方；如果要向他$(l:bewitchment:tools/grotesque_stew)效忠$()，你需要让赫恩留在周围。$(br2)一旦$(l:bewitchment:tools/grotesque_stew)效忠$()，你可以按[$(k:bewitchment.transformation_ability)]切换成狼形态。"
        }
    ]
}