{
    "category": "bewitchment:creatures",
    "name": "莱纳德",
    "icon": "bewitchment:leonard_spawn_egg",
    "advancement": "bewitchment:hidden_unlocks/demon_heart",
    "pages": [
        {
            "type": "patchouli:text",
            "text": "莱纳德是巫师的守护神，懂得$(l:bewitchment:brewing/brewing_basics)酿造(Brewing)$() 等技能。$(br2)莱纳德是一个$(l:bewitchment:creatures/demon)大恶魔(Greater Demon)$()；他可以$(l:bewitchment:tools/grotesque_stew)向他宣誓(Pledged)$()。$(br2)宣誓(Pledged)$$()向莱纳德的女巫能够在酿造(Brewing)过程中使用两个效力调节器代替一个。宣誓(Pledged)() 向莱纳德也使玩家可以使用$(l:bewitchment:tools/witch_cauldron)巫婆坩埚(Witch Cauldrons)$()透过$(l:bewitchment:introduction/altars)ME$()进行 $(l:bewitchment:tools/witch_cauldron#teleportation)传送(Warp)$()。"
        },
        {
            "type": "patchouli:entity",
            "entity": "bewitchment:leonard",
            "offset": 0.2
        }
    ]
}