{
    "category": "bewitchment:creatures",
    "name": "莉莉丝",
    "icon": "bewitchment:lilith_spawn_egg",
    "advancement": "bewitchment:hidden_unlocks/demon_heart",
    "pages": [
        {
            "type": "patchouli:text",
            "text": "莉莉丝是$(l:bewitchment:creatures/vampire)吸血鬼(Vampires)$()的山母，经常用于给有$(l:bewitchment:curses/vampirism)吸血鬼症(Vampirism)$()的受害者附加更大的力量。$(br2)向她$(l:bewitchment:tools/grotesque_stew)宣誓(Pledged)$()，可以自由变成蝙蝠，从而可以自由漫游。或者，她可以被献上$(l:bewitchment:introduction/crops)大蒜(Garlic)$()，从她的$(l:bewitchment:curses/conducting_curses)诅咒(Curse)$()中解脱。"
        },
        {
            "type": "patchouli:entity",
            "entity": "bewitchment:lilith",
            "offset": 0.2
        },
        {
            "type": "patchouli:text",
            "title": "召唤莉莉丝",
            "text": "要召唤莉莉丝，需要几样东西:$(li)一炉$(l:bewitchment:tools/brazier#mortal_coil)亡者之绳(Mortal Coil Incense)$()$(li)一只鸡$(li)山地或冰冷的生物群系$(br2)首先，在正确的生物群系中，晚上启动$(l:bewitchment:tools/brazier#incense)香炉(Incence)$()。然后，你需要用$(l:bewitchment:tools/athame)匕首(Athame)$()杀一只鸡，位置不要离得太远。"
        },
        {
            "type": "patchouli:text",
            "text": "如果想$(l:bewitchment:tools/grotesque_stew)向莉莉丝宣誓(Pledge)$()，则需要明智地决定她的召唤位置。$(br2)一旦$(l:bewitchment:tools/grotesque_stew)宣誓(Pledged)$()，按下 [$(k:bewitchment.transformation_ability)] 可以切换成蝙蝠形态。"
        }
    ]
}