{
    "category": "bewitchment:creatures",
    "name": "猫头鹰",
    "icon": "bewitchment:owl_spawn_egg",
    "pages": [
        {
            "type": "patchouli:text",
            "text": "猫头鹰通常在夜间活动，通常出现在森林和针叶林中。它们会掉落羽毛，就像其他鸟类一样。$(br2)猫头鹰可以用生兔肉驯服，并用生鸡肉喂养。"
        },
        {
            "type": "patchouli:text",
            "advancement": "bewitchment:hidden_unlocks/demon_heart",
            "text": "作为$(l:bewitchment:rituals/binding)使魔(Familiar)$()的一种，猫头鹰将增加它们的朋友的飞行能力，即使$(l:bewitchment:tools/brooms)扫帚(Brooms)$()不需要用$(l:bewitchment:introduction/altars#internalme)ME$() 所消耗的魔法能量。$(br2)它们也不会受到任何坠落伤害，即使它们掉落。"
        },
        {
            "type": "patchouli:entity",
            "entity": "bewitchment:owl",
            "scale": 0.6
        }
    ]
}