{
    "category": "bewitchment:creatures",
    "name": "渡鸦",
    "icon": "bewitchment:raven_spawn_egg",
    "pages": [
        {
            "type": "patchouli:text",
            "text": "渡鸦是生活在平原和森林中的黑色鸟类。被杀后会掉落羽毛。$(br2)可以用金锭或银锭驯服渡鸦，用小麦种繁殖。"
        },
        {
            "type": "patchouli:text",
            "advancement": "bewitchment:hidden_unlocks/demon_heart",
            "text": "渡鸦可以绑在$(l:bewitchment:rituals/binding)使魔$()身上，使女巫偶尔反弹$(l:bewitchment:curses/conducting_curses)诅咒$()。$(br2)渡鸦$(l:bewitchment:rituals/binding)使魔$()会使女巫施放的$(l:bewitchment:curses/conducting_curses)诅咒$()时间加倍，使它们更加有效。"
        },
        {
            "type": "patchouli:entity",
            "entity": "bewitchment:raven",
            "scale": 0.6
        }
    ]
}