{
    "category": "bewitchment:creatures",
    "name": "蛇",
    "icon": "bewitchment:snake_spawn_egg",
    "extra_recipe_mappings": {
        "bewitchment:snake_tongue": 0
    },
    "pages": [
        {
            "type": "patchouli:text",
            "text": "蛇通常出现在热带草原、沙漠和平原，在那里它们以毒杀害其他动物。$(br2)蛇可能会掉落蛇舌，但也可以从$(l:bewitchment:creatures/hellhound)地狱猎犬$()获取。$(br2)用生兔肉可以驯服蛇，并用生鸡肉繁殖。"
        },
        {
            "type": "patchouli:text",
            "advancement": "bewitchment:hidden_unlocks/demon_heart",
            "text": "蛇可以成为$(l:bewitchment:rituals/binding)宠物$()。绑定蛇$(l:bewitchment:rituals/binding)宠物$()的女巫可以制作更持久的$(l:bewitchment:sigils/using_sigils)Sigils$()。$(br2)此外，它们可以从毒液中获益；毒液不会伤害它们并会重新填充其$(l:bewitchment:introduction/altars#internalme)内部储能$()。"
        },
        {
            "type": "patchouli:entity",
            "entity": "bewitchment:snake",
            "scale": 0.6
        }
    ]
}