{
    "category": "bewitchment:creatures",
    "name": "蟾蜍",
    "icon": "bewitchment:toad_spawn_egg",
    "pages": [
        {
            "type": "patchouli:text",
            "text": "蟾蜍可以在丛林和沼泽中发现，它们在那里跳跃得很开心。当被杀时，蟾蜍会掉落史莱姆球。$(br2)使用发酵蜘蛛眼可以驯服蟾蜍，并使用普通蜘蛛眼繁殖。"
        },
        {
            "type": "patchouli:text",
            "advancement": "bewitchment:hidden_unlocks/demon_heart",
            "text": "绑定蟾蜍$(l:bewitchment:rituals/binding)宠物$()可以使绑定的女巫获得强化的正面状态效果。$(br2)杀死节肢动物也能治愈女巫四分之一的最大生命值。"
        },
        {
            "type": "patchouli:entity",
            "entity": "bewitchment:toad",
            "scale": 0.6
        }
    ]
}