{
    "category": "bewitchment:creatures",
    "name": "吸血鬼",
    "icon": "bewitchment:vampire_spawn_egg",
    "pages": [
        {
            "type": "patchouli:text",
            "text": "吸血鬼是夜晚的主宰，几乎没有弱点。它们出现在平原和针叶林生物群落，在没有光线的新月出现时。$(br2)它们会攻击人类，所以您应该用火焰或仇恨附加魔法装备自己。"
        },
        {
            "type": "patchouli:entity",
            "entity": "bewitchment:vampire",
            "offset": 0.1
        }
    ]
}