{
    "category": "bewitchment:creatures",
    "name": "狼人",
    "icon": "bewitchment:werewolf_spawn_egg",
    "pages": [
        {
            "type": "patchouli:text",
            "text": "狼人- 月光病的受害者- 漫游于森林、针叶林和冰冻的生物群落中。当满月升起时，它们极其容易受到仇恨附加魔法的伤害。$(br2)当太阳升起时，它们会变回人形。"
        },
        {
            "type": "patchouli:entity",
            "entity": "bewitchment:werewolf",
            "offset": 0.1
        }
    ]
}