{
    "category": "bewitchment:creatures",
    "name": "狼",
    "icon": "minecraft:wolf_spawn_egg",
    "advancement": "bewitchment:hidden_unlocks/demon_heart",
    "pages": [
        {
            "type": "patchouli:text",
            "text": "驯服的狼是宝贵的生物；当它们的朋友需要帮助时，它们通常会愿意提供帮助，甚至冒着生命危险。$(br2)将狼作为$(l:bewitchment:rituals/binding)宠物$()绑定后，狼将增加$(l:bewitchment:poppets/poppet_practice)Poppets$()的耐久性。$(br2)它们的保护精神也会自然地增加它们绑定女巫的盔甲值。"
        },
        {
            "type": "patchouli:entity",
            "entity": "minecraft:wolf",
            "scale": 0.6
        }
    ]
}