{
    "category": "bewitchment:poppets",
    "name": "诅咒",
    "icon": "bewitchment:curse_poppet",
    "advancement": "bewitchment:hidden_unlocks/taglock",
    "pages": [
        {
            "type": "patchouli:text",
            "text": "可笑的诅咒傀儡将保护其所有者免受$(l:bewitchment:curses/conducting_curses)咒语$()的影响。$(l:bewitchment:poppets/poppet_practice)傀儡$()通过像海绵一样吸收$(l:bewitchment:curses/conducting_curses)诅咒$()来实现这一点。$(br2)$()一旦$(l:bewitchment:poppets/poppet_practice)傀儡成功吸收了$(l:bewitchment:curses/conducting_curses)诅咒$()，它就可以被重新绑定，并用于对目标应用已吸收的$(l:bewitchment:curses/conducting_curses)诅咒$()。"
        },
        {
            "type": "patchouli:crafting",
            "recipe": "bewitchment:curse_poppet"
        }
    ]
}