{
    "category": "bewitchment:poppets",
    "name": "死亡保护",
    "icon": "bewitchment:death_protection_poppet",
    "advancement": "bewitchment:hidden_unlocks/demon_heart",
    "pages": [
        {
            "type": "patchouli:text",
            "text": "当你使用死亡保护傀儡时，死神将无法对你造成伤害。$(br2)$()类似于不朽图腾，这种$(l:bewitchment:poppets/poppet_practice)傀儡$()将一次性地将你从死亡边缘拉回来。$(br2)$()死亡保护傀儡不适用于$(l:bewitchment:tools/poppet_shelves)傀儡架$()。"
        },
        {
            "type": "patchouli:crafting",
            "recipe": "bewitchment:death_protection_poppet"
        }
    ]
}