{
    "category": "bewitchment:poppets",
    "name": "审判",
    "icon": "bewitchment:judgment_poppet",
    "advancement": "bewitchment:hidden_unlocks/taglock",
    "pages": [
        {
            "type": "patchouli:text",
            "text": "当绑定到审判傀儡上时，任何攻击你的不洁生物都会发现他们的攻击伤害被削弱了四分之一。"
        },
        {
            "type": "patchouli:crafting",
            "recipe": "bewitchment:judgment_poppet"
        }
    ]
}