{
    "category": "bewitchment:poppets",
    "name": "修补",
    "icon": "bewitchment:mending_poppet",
    "advancement": "bewitchment:hidden_unlocks/taglock",
    "pages": [
        {
            "type": "patchouli:text",
            "text": "像这种罕见和令人垂涎的附魔珍品一样，修补傀儡将修复任何与其绑定者所持有的护甲和物品。$(br2)$()该效果不是被动应用的；相反，它是在物品正常损坏时应用的，重置其耐久度并摧毁$(l:bewitchment:poppets/poppet_practice)傀儡$()。"
        },
        {
            "type": "patchouli:crafting",
            "recipe": "bewitchment:mending_poppet"
        }
    ]
}