{
    "category": "bewitchment:poppets",
    "name": "傀儡制作",
    "icon": "bewitchment:voodoo_poppet",
    "advancement": "bewitchment:hidden_unlocks/taglock",
    "priority": true,
    "pages": [
        {
            "type": "patchouli:text",
            "text": "Poppets是非常方便的玩偶，可以用于恶意和保护性目的。$(br2)Poppets始终与实体捆绑。$(br2)为了使它们处于活动状态，需要将它们放入你的库存中，除非你有一个$(l:bewitchment:tools/poppet_shelves)Poppet Shelf$()。"
        },
        {
            "type": "bewitchment:multi_showcase",
            "header": "Binding Poppets",
            "item2": "bewitchment:voodoo_poppet",
            "item3": "bewitchment:taglock{FromPlayer: 1b, OwnerUUID: [I; 1672005179, -1854323673, -2070260447, 778045631], OwnerName: \"MoriyaShiine\"}",
            "text": "欲绑定Poppet，只需在工作台中使用$(l:bewitchment:tools/taglock)目标令牌$()与之结合。$(br2)绑定Poppet所产生的影响因Poppet本身而异，因此请务必查看相应条目。"
        }
    ]
}