{
    "category": "bewitchment:poppets",
    "name": "防护",
    "icon": "bewitchment:protection_poppet",
    "advancement": "bewitchment:hidden_unlocks/taglock",
    "pages": [
        {
            "type": "patchouli:text",
            "text": "防护跳蚤玩偶无法保护您免受僵尸或骷髅的攻击，但会驱散火灾、溺水和速度等环境伤害。被绑定的实体因使用的跳蚤玩偶不同而异。"
        },
        {
            "type": "patchouli:crafting",
            "recipe": "bewitchment:protection_poppet"
        }
    ]
}