{
    "category": "bewitchment:poppets",
    "name": "吸血",
    "icon": "bewitchment:vampiric_poppet",
    "advancement": "bewitchment:hidden_unlocks/taglock",
    "pages": [
        {
            "type": "patchouli:text",
            "text": "吸血跳蚤玩偶将玩家承受的伤害转移给被绑定的实体，代价是耐久度。具有嘲讽意味的是，它似乎无法作用于吸血鬼。吸血跳蚤玩偶无法在跳蚤玩偶架中使用。"
        },
        {
            "type": "patchouli:crafting",
            "recipe": "bewitchment:vampiric_poppet"
        }
    ]
}