{
    "category": "bewitchment:poppets",
    "name": "巫术防护",
    "icon": "bewitchment:voodoo_protection_poppet",
    "advancement": "bewitchment:hidden_unlocks/taglock",
    "pages": [
        {
            "type": "patchouli:text",
            "text": "巫术防护跳蚤玩偶是对$(l:bewitchment:poppets/voodoo)巫术跳蚤玩偶$()的反制品。通过重定向恶意能量，被绑定的实体完全免疫巫术跳蚤玩偶的影响。"
        },
        {
            "type": "patchouli:crafting",
            "recipe": "bewitchment:voodoo_protection_poppet"
        }
    ]
}