{
    "category": "bewitchment:poppets",
    "name": "巫术",
    "icon": "bewitchment:voodoo_poppet",
    "advancement": "bewitchment:hidden_unlocks/demon_heart",
    "pages": [
        {
            "type": "patchouli:text",
            "text": "巫术跳蚤玩偶是一种经典道具。它可以用于移动实体、淹死它们、点燃他们，甚至可以从任何地方向他们施加药水效果。巫术跳蚤玩偶无法在跳蚤玩偶架中使用。"
        },
        {
            "type": "patchouli:crafting",
            "recipe": "bewitchment:voodoo_poppet"
        }
    ]
}