{
    "category": "bewitchment:tools",
    "name": "祭刀",
    "priority": true,
    "icon": "bewitchment:athame",
    "pages": [
        {
            "type": "patchouli:text",
            "text": "祭刀是任何女巫的必备工具。它可用于从生物身上获取头颅，以及其他一些特定的用途。$(br2) 由 $(l:bewitchment:introduction/silver)银$() 制成，它可以完美地对抗不洁灵魂的生物。$(br2) 使用祭刀在副手握着玻璃瓶的情况下杀死人形生物，可以获得血瓶。"
        },
        {
            "type": "patchouli:crafting",
            "recipe": "bewitchment:athame",
            "text": "祭刀还可用于从投掷器开始 $(l:bewitchment:rituals/rituals)仪式$()。"
        }
    ]
}