{
    "category": "bewitchment:tools",
    "name": "污渍披甲",
    "icon": "bewitchment:besmirched_robes",
    "advancement": "bewitchment:hidden_unlocks/witch_cauldron",
    "pages": [
        {
            "type": "patchouli:text",
            "text": "这种不良披甲完美地融入了哥特式的收藏中。$(l:bewitchment:creatures/demon)恶魔$() 无论种类都无法区分佩戴者和他们的族人，因此可以与他们进行交易。$(br2) 使用此类织物制成的地毯非常适合用于 $(l:bewitchment:introduction/altars)祭坛$()。"
        },
        {
            "type": "patchouli:crafting",
            "recipe": "bewitchment:besmirched_hat",
            "recipe2": "bewitchment:besmirched_hood"
        },
        {
            "type": "patchouli:crafting",
            "recipe": "bewitchment:besmirched_robes",
            "recipe2": "bewitchment:besmirched_pants"
        },
        {
            "type": "patchouli:crafting",
            "recipe": "bewitchment:besmirched_wool",
            "recipe2": "bewitchment:besmirched_carpet"
        }
    ]
}