{
    "category": "bewitchment:tools",
    "name": "荆棘",
    "icon": "bewitchment:thick_bramble",
    "advancement": "bewitchment:hidden_unlocks/witch_cauldron",
    "pages": [
        {
            "type": "patchouli:text",
            "text": "荆棘是女巫的杂草，使用 $(l:bewitchment:brewing/elemental_oils)元素油$() 协助人工创造。$(br2) 每个荆棘具有与其元素相关的独特效果。"
        },
        {
            "type": "patchouli:crafting",
            "recipe": "bewitchment:glowing_bramble",
            "text": "发光荆棘会在 24 个方块范围内发出光亮并阻止生物生成。"
        },
        {
            "type": "patchouli:crafting",
            "recipe": "bewitchment:ender_bramble",
            "text": "末影荆棘会将任何与其碰撞的物体传送到半径为64个方块的随机位置。"
        },
        {
            "type": "patchouli:crafting",
            "recipe": "bewitchment:fruiting_bramble",
            "text": "结实的荆棘会长出巫术浆果，可用于制作$(l:bewitchment:introduction/altars#internalme)ME$()恢复的美味食品。"
        },
        {
            "type": "patchouli:crafting",
            "recipe": "bewitchment:scorched_bramble",
            "text": "烧焦的荆棘会将实体点燃，并且也可以作为相对不错的燃料。"
        },
        {
            "type": "patchouli:crafting",
            "recipe": "bewitchment:thick_bramble",
            "text": "非常茂密的荆棘只能在潜行状态下穿过。"
        },
        {
            "type": "patchouli:crafting",
            "recipe": "bewitchment:fleeting_bramble",
            "text": "疾行的荆棘会发射任何进入它的东西到空中，除非它处于潜行状态。"
        },
        {
            "type": "patchouli:crafting",
            "recipe": "bewitchment:witchberry_pie",
            "recipe2": "bewitchment:witchberry_cookie"
        }
    ]
}