{
    "category": "bewitchment:tools",
    "name": "火盆",
    "icon": "bewitchment:brazier",
    "advancement": "minecraft:nether/find_fortress",
    "pages": [
        {
            "type": "patchouli:text",
            "text": "火盆是$(l:bewitchment:curses/conducting_curses)咒语$()必不可少的工具。除此之外，它还可用于$(l:bewitchment:tools/brazier#incense)焚香$()。$(br2)火盆可容纳最多四件物品。要开始使用，需要使用打火石点燃。"
        },
        {
            "type": "patchouli:crafting",
            "recipe": "bewitchment:brazier",
            "text": "为了方便，火盆还可以连接到天花板上。"
        },
        {
            "type": "patchouli:text",
            "title": "焚香",
            "anchor": "incense",
            "text": "焚香是火盆的简单用法。在醒来后，焚香可以应用扩展的状态效果。$(br2)只需点燃附近的火盆，并进入睡眠即可。"
        },
        {
            "type": "bewitchment:incense_compressed",
            "recipe1": "bewitchment:incenses/light",
            "recipe2": "bewitchment:incenses/dark"
        },
        {
            "type": "bewitchment:incense_compressed",
            "recipe1": "bewitchment:incenses/water",
            "recipe2": "bewitchment:incenses/fire"
        },
        {
            "type": "bewitchment:incense_compressed",
            "recipe1": "bewitchment:incenses/earth",
            "recipe2": "bewitchment:incenses/air"
        },
        {
            "type": "bewitchment:incense",
            "advancement": "bewitchment:hidden_unlocks/demon_heart",
            "recipe": "bewitchment:incenses/mortal_coil",
            "anchor": "mortal_coil",
            "text": "死亡缠绕焚香通常用于亵渎仪式。$(br2)$(o)你也许不想在睡前准备它$()。"
        }
    ]
}