{
    "category": "bewitchment:tools",
    "name": "魔杖",
    "icon": "bewitchment:juniper_broom",
    "advancement": "bewitchment:hidden_unlocks/demon_heart",
    "pages": [
        {
            "type": "patchouli:text",
            "text": "魔杖是女巫经常使用的魔法器具。通过使用$(l:bewitchment:introduction/altars#internalme)内部能量$()，它们可以让用户飞行在天空中。$(br2)魔杖有四种不同的属性。"
        },
        {
            "type": "patchouli:crafting",
            "recipe": "bewitchment:juniper_broom",
            "text": "$(l:bewitchment:introduction/juniper_trees)杜松$()魔杖是所有魔杖中最快的，没有其他特殊属性。"
        },
        {
            "type": "patchouli:crafting",
            "recipe": "bewitchment:cypress_broom",
            "text": "$(l:bewitchment:introduction/cypress_trees)柏树$()魔杖能够保护用户，降低受到和输出的伤害。"
        },
        {
            "type": "patchouli:crafting",
            "recipe": "bewitchment:elder_broom",
            "text": "$(l:bewitchment:introduction/elder_trees)花楸$()魔杖会在下马后将用户传送回到上马的地点。"
        },
        {
            "type": "patchouli:crafting",
            "recipe": "bewitchment:dragons_blood_broom",
            "text": "$(l:bewitchment:introduction/dragons_blood_trees)龙血$()魔杖可以像其他$(l:bewitchment:introduction/dragons_blood_trees)龙血$()块那样应用$(l:bewitchment:sigils/using_sigils)主动符文$()。"
        }
    ]
}