{
    "category": "bewitchment:tools",
    "name": "魔杖",
    "icon": "bewitchment:caduceus",
    "advancement": "bewitchment:hidden_unlocks/caduceus",
    "pages": [
        {
            "type": "patchouli:text",
            "text": "魔杖是$(l:bewitchment:creatures/baphomet)巴颡莫$()喜欢使用的工具。它具有多种琥珀的功能，可以与下届合金相媲美。它还可以用于消耗某些$(l:bewitchment:introduction/altars#internalme)内部能量$()发射强大的火球。$(br2)魔杖可以使用下界合金锭进行修复。"
        },
        {
            "type": "patchouli:spotlight",
            "item": "bewitchment:caduceus"
        }
    ]
}