{
    "category": "bewitchment:tools",
    "name": "烛台",
    "icon": "bewitchment:iron_candelabra",
    "pages": [
        {
            "type": "patchouli:text",
            "text": "烛台是一种精致的照明源。$(br2)它可以使用打火石点燃。点燃时，它会驱逐$(l:bewitchment:creatures/ghost)幽灵$()，防止它们靠近，良好的材料可以提高防护效果。"
        },
        {
            "type": "patchouli:crafting",
            "recipe": "bewitchment:iron_candelabra",
            "recipe2": "bewitchment:golden_candelabra"
        },
        {
            "type": "patchouli:crafting",
            "recipe": "bewitchment:silver_candelabra",
            "recipe2": "bewitchment:netherite_candelabra"
        }
    ]
}