{
    "category": "bewitchment:tools",
    "name": "水晶球",
    "icon": "bewitchment:crystal_ball",
    "advancement": "bewitchment:hidden_unlocks/altars",
    "pages": [
        {
            "type": "patchouli:text",
            "text": "水晶球是常见的占卜工具。使用时，会消耗附近祭坛中的能量ME。除了占卜外，还可用于水晶千里眼。使用目标锁定符咒后，可给出目标的详细信息。"
        },
        {
            "type": "patchouli:crafting",
            "recipe": "bewitchment:crystal_ball"
        }
    ]
}