{
    "category": "bewitchment:tools",
    "name": "德鲁伊手环",
    "icon": "bewitchment:druid_band",
    "advancement": "bewitchment:hidden_unlocks/altars",
    "pages": [
        {
            "type": "patchouli:text",
            "text": "德鲁伊手环是地球的强大护符。当穿上后，你会在天然土壤上如草地中增加移动速度和再生效果。当激活时，德鲁伊手环消耗ME。"
        },
        {
            "type": "patchouli:crafting",
            "recipe": "bewitchment:druid_band"
        }
    ]
}