{
    "category": "bewitchment:tools",
    "name": "怪异炖汤",
    "priority": true,
    "icon": "bewitchment:grotesque_stew",
    "advancement": "bewitchment:hidden_unlocks/demon_heart",
    "pages": [
        {
            "type": "patchouli:text",
            "text": "恶心。这种可疑的炖汤是承诺仪式的一部分。深入注视大恶魔的眼睛，喝了这碗汤，女巫就会对大恶魔发誓。根据大恶魔的种类，发誓给出独特的好处。"
        },
        {
            "type": "patchouli:text",
            "text": "具体的好处会在相应的词条中进行描述。承诺给予大恶魔的要留在世界中才能生效，女巫一次只能向一个大恶魔发誓。任何攻击大恶魔的行为都会立刻取消发誓。"
        },
        {
            "type": "patchouli:crafting",
            "recipe": "bewitchment:grotesque_stew",
            "text": "值得注意的是，以这种方式污染自己的女巫很容易出现与大恶魔相同的弱点。"
        }
    ]
}