{
    "category": "bewitchment:tools",
    "name": "预言者鞋",
    "icon": "bewitchment:harbinger",
    "advancement": "bewitchment:hidden_unlocks/harbinger",
    "pages": [
        {
            "type": "patchouli:text",
            "text": "通过战胜吸血鬼女王获得，这双鞋具有与地狱合金鞋子相似的保护能力。由于其黑暗能量，不死族对穿着者中立。预言者鞋可以用地狱合金锭进行修理。"
        },
        {
            "type": "patchouli:spotlight",
            "item": "bewitchment:harbinger"
        }
    ]
}