{
    "category": "bewitchment:tools",
    "name": "行草女巫装",
    "icon": "bewitchment:hedgewitch_robes",
    "advancement": "bewitchment:hidden_unlocks/witch_cauldron",
    "pages": [
        {
            "type": "patchouli:text",
            "text": "这个古老的经典作品在数个世纪的巫术实践中已经成功证明。当佩戴时，将增加作物产量。可以在祭坛上放置相同面料的地毯。"
        },
        {
            "type": "patchouli:crafting",
            "recipe": "bewitchment:hedgewitch_hat",
            "recipe2": "bewitchment:hedgewitch_hood"
        },
        {
            "type": "patchouli:crafting",
            "recipe": "bewitchment:hedgewitch_robes",
            "recipe2": "bewitchment:hedgewitch_pants"
        },
        {
            "type": "patchouli:crafting",
            "recipe": "bewitchment:hedgewitch_wool",
            "recipe2": "bewitchment:hedgewitch_carpet"
        }
    ]
}