{
    "category": "bewitchment:tools",
    "name": "地狱宝珠",
    "icon": "bewitchment:hellish_bauble",
    "advancement": "bewitchment:hidden_unlocks/demon_horn",
    "pages": [
        {
            "type": "patchouli:text",
            "text": "通过火之力，地狱宝珠点燃后可以让佩戴者免疫火灾。由于是以地狱合金制成，完全防火。"
        },
        {
            "type": "patchouli:crafting",
            "recipe": "bewitchment:hellish_bauble"
        }
    ]
}