{
    "category": "bewitchment:tools",
    "name": "犄角长矛",
    "icon": "bewitchment:horned_spear",
    "advancement": "bewitchment:hidden_unlocks/horned_spear",
    "pages": [
        {
            "type": "patchouli:text",
            "text": "这个矛是狩猎$(l:bewitchment:creatures/herne)赫恩$()的武器。可以像三叉戟一样投向目标，然后自动回到扔它的人身边。犄角长矛可以用地狱合金锭来修理。"
        },
        {
            "type": "patchouli:spotlight",
            "item": "bewitchment:horned_spear"
        }
    ]
}