{
    "category": "bewitchment:tools",
    "name": "纳萨尔",
    "icon": "bewitchment:nazar",
    "advancement": "bewitchment:hidden_unlocks/altars",
    "pages": [
        {
            "type": "patchouli:text",
            "text": "Nazars使用光的力量，通常用于保护免受$(l:bewitchment:curses/conducting_curses)诅咒$()影响。$(br2)当佩戴时，它们会将任何$(l:bewitchment:curses/conducting_curses)诅咒$()的持续时间缩短一半。$(br2)这需要佩戴者约半数的$(l:bewitchment:introduction/altars#internalme)精神能量$()。"
        },
        {
            "type": "patchouli:crafting",
            "recipe": "bewitchment:nazar"
        }
    ]
}