{
    "category": "bewitchment:tools",
    "name": "傀儡架",
    "icon": "bewitchment:oak_poppet_shelf",
    "advancement": "bewitchment:hidden_unlocks/taglock",
    "pages": [
        {
            "type": "patchouli:text",
            "text": "傀儡架是一种不错的家具。它们可存储多达九个$(l:bewitchment:poppets/poppet_practice)傀儡$()，它们全部处于活动状态。$(br2)这使得傀儡架非常适合释放背包空间，同时保留所有$(l:bewitchment:poppets/poppet_practice)傀儡$()的准备状态。"
        },
        {
            "type": "patchouli:crafting",
            "recipe": "bewitchment:oak_poppet_shelf",
            "recipe2": "bewitchment:spruce_poppet_shelf"
        },
        {
            "type": "patchouli:crafting",
            "recipe": "bewitchment:birch_poppet_shelf",
            "recipe2": "bewitchment:jungle_poppet_shelf"
        },
        {
            "type": "patchouli:crafting",
            "recipe": "bewitchment:acacia_poppet_shelf",
            "recipe2": "bewitchment:dark_oak_poppet_shelf"
        },
        {
            "type": "patchouli:crafting",
            "recipe": "bewitchment:crimson_poppet_shelf",
            "recipe2": "bewitchment:warped_poppet_shelf"
        },
        {
            "type": "patchouli:crafting",
            "recipe": "bewitchment:juniper_poppet_shelf",
            "recipe2": "bewitchment:cypress_poppet_shelf"
        },
        {
            "type": "patchouli:crafting",
            "recipe": "bewitchment:elder_poppet_shelf",
            "recipe2": "bewitchment:dragons_blood_poppet_shelf"
        }
    ]
}