{
    "category": "bewitchment:tools",
    "name": "刺骨腰带",
    "icon": "bewitchment:prickly_belt",
    "advancement": "bewitchment:hidden_unlocks/altars",
    "pages": [
        {
            "type": "patchouli:text",
            "text": "刺骨腰带是一种方便的小饰品，可以存储状态效果。$(br2)在遭受攻击时，佩戴者会获得积极效果，而攻击者则会受到负面效果，代价是消耗$(l:bewitchment:introduction/altars#internalme)ME$()。$(br2)要添加一个状态效果，只需将腰带与药水组合使用。"
        },
        {
            "type": "patchouli:crafting",
            "recipe": "bewitchment:prickly_belt"
        }
    ]
}