{
    "category": "bewitchment:tools",
    "name": "权杖",
    "icon": "bewitchment:scepter",
    "advancement": "bewitchment:hidden_unlocks/scepter",
    "pages": [
        {
            "type": "patchouli:text",
            "text": "这个强大的遗物通过打败$(l:bewitchment:creatures/leonard)莱纳德$()获得。$(br2)它可以与溅射药水结合，然后使用权杖投掷四次，并消耗$(l:bewitchment:introduction/altars#internalme)ME$()。$(br2)权杖可以使用下界锭修复。"
        },
        {
            "type": "patchouli:spotlight",
            "item": "bewitchment:scepter"
        }
    ]
}