{
    "category": "bewitchment:tools",
    "name": "幽灵手镯",
    "icon": "bewitchment:specter_bangle",
    "advancement": "bewitchment:hidden_unlocks/altars",
    "pages": [
        {
            "type": "patchouli:text",
            "text": "这个华丽的小饰品会在佩戴者蹑手蹑脚时绕过他们身边的阴影。$(br2)这样做会消耗$(l:bewitchment:introduction/altars#internalme)ME$()，将用户完全隐形，只有轻微的烟雾暗示他们的存在。"
        },
        {
            "type": "patchouli:crafting",
            "recipe": "bewitchment:specter_bangle"
        }
    ]
}