{
    "category": "bewitchment:tools",
    "name": "路标",
    "icon": "bewitchment:waystone",
    "advancement": "bewitchment:hidden_unlocks/altars",
    "pages": [
        {
            "type": "patchouli:text",
            "text": "路标注入虚空能量，使它们能够存储位置。$(br2)这反过来又使它们能够重定向$(l:bewitchment:rituals/rituals)仪式$()，在不同的位置进行施法。$(br2)要重定向$(l:bewitchment:rituals/rituals)仪式$()，请在启动$(l:bewitchment:rituals/rituals)仪式$()后使用路标对$(l:bewitchment:rituals/rituals#chalk)金色粉笔$()进行操作。"
        },
        {
            "type": "patchouli:crafting",
            "recipe": "bewitchment:waystone"
        }
    ]
}