{
    "category": "bewitchment:tools",
    "name": "女巫炼药锅",
    "icon": "bewitchment:witch_cauldron",
    "priority": true,
    "pages": [
        {
            "type": "patchouli:text",
            "text": "通过使用$(l:bewitchment:introduction/silver)银$()加强普通的铁锅，您可以创建一个女巫炼药锅。$(br2)这个魔法锅非常多功能，主要用于$(l:bewitchment:brewing/elemental_oils)油的制作$()、$(l:bewitchment:brewing/brewing_basics)酿造$()和传送。"
        },
        {
            "type": "patchouli:crafting",
            "recipe": "bewitchment:witch_cauldron"
        },
        {
            "type": "patchouli:text",
            "title": "用法",
            "text": "炼药锅开始沸腾后，可以将物品扔入其中。要使其沸腾，请将热块，如岩浆块或烈焰岩块，放置在其下方。$(br2)请注意，女巫炼药锅需要$(l:bewitchment:introduction/altars)祭坛能量$()，除了$(l:bewitchment:brewing/elemental_oils)油的制作$()外。"
        },
        {
            "type": "patchouli:text",
            "title": "传送",
            "anchor": "teleportation",
            "text": "使用女巫炼药锅传送，只需将末影珍珠扔进去，踩上炼药锅并说出你的目的地。目的地必须是经过命名的另一个女巫炼药锅。$(br2)传送的代价是距离的一半，除非你有$(l:bewitchment:creatures/leonard)某人$()为你提供帮助。"
        }
    ]
}