{
    "category": "bewitchment:tools",
    "name": "疾风马革褶",
    "icon": "bewitchment:zephyr_harness",
    "advancement": "bewitchment:hidden_unlocks/altars",
    "pages": [
        {
            "type": "patchouli:text",
            "text": "疾风马革褶使穿戴者无坚不摧，就像最猛烈的风一样，完全消除了大多数反击。$(br2)除此之外，这个马革褶允许穿戴者用拳头击中实体时将它们抛入空中。然而，这将消耗$(l:bewitchment:introduction/altars#internalme)魔法值$()。"
        },
        {
            "type": "patchouli:crafting",
            "recipe": "bewitchment:zephyr_harness"
        }
    ]
}