{
    "category": "bewitchment:brewing",
    "name": "基础酿造",
    "icon": "bewitchment:witch_cauldron",
    "advancement": "bewitchment:hidden_unlocks/altars",
    "priority": true,
    "pages": [
        {
            "type": "patchouli:text",
            "text": "酿造的精髓是巫术的核心学科。顾名思义，它与酿制药水有关。$(br2)要开始酿造，您需要一个 $(l:bewitchment:tools/witch_cauldron)女巫鼎$()、 $(l:bewitchment:introduction/altars)祭坛能量$()，以及其他材料。$(br2)要开始酿造，请首先向 $(l:bewitchment:tools/witch_cauldron)女巫鼎$() 中加入 $(l:bewitchment:introduction/crops)曼德拉根$()。"
        },
        {
            "type": "patchouli:text",
            "text": "添加$(l:bewitchment:introduction/crops)曼德拉草根$()后，可以添加其他原料。每个原料都会增加150点$(l:bewitchment:introduction/altars)祭坛能量$()，酿造中祭坛能量不足会导致失败。$(br2)原料可以分为魔药原料和修饰符。无论祭坛能量如何，每种酿造只能添加四种原料。"
        },
        {
            "type": "patchouli:text",
            "text": "魔药原料会为药剂酿造增添效果，建议至少添加一种魔药原料。某些魔药原料提供的确切效果会在其他条目中说明。可以添加更多原料，但是这会占据修饰符的位置。$(br2)修饰符会增强药剂效果:红石粉会增加持续时间，而萤石粉会增强效力。"
        },
        {
            "type": "patchouli:text",
            "text": "你只能添加一种增幅效果，但是其它增益效果只有留有足够空间和$(l:bewitchment:introduction/altars)祭台能量$()才有可能实现。$(br2)最后，你可以在普通的酿造台上对魔药进行后处理。需要注意的是，当水呈棕色时，通常意味着你的酿造失败了。$(br2)$(o)也许你需要自己进行实验才能找出哪些魔药有效，哪些无效？$()"
        }
    ]
}