{
    "category": "bewitchment:brewing",
    "name": "攀爬",
    "icon": "minecraft:spider_eye",
    "advancement": "bewitchment:hidden_unlocks/altars",
    "pages": [
        {
            "type": "patchouli:text",
            "text": "本效果会让受影响者像蜘蛛一样攀爬墙壁。"
        },
        {
            "type": "patchouli:spotlight",
            "title": "攀爬",
            "item": "minecraft:spider_eye",
            "text": "该效果不受药水强度影响。"
        }
    ]
}