{
    "category": "bewitchment:brewing",
    "name": "腐蚀",
    "icon": "minecraft:dragon_breath",
    "advancement": "bewitchment:hidden_unlocks/altars",
    "pages": [
        {
            "type": "patchouli:text",
            "text": "$(l:bewitchment:brewing/hardening)硬化$()的对应效果，可以将防具的装甲值减少一定数值。"
        },
        {
            "type": "patchouli:spotlight",
            "title": "腐蚀",
            "item": "minecraft:dragon_breath",
            "text": "装甲减少的程度与药水强度成正比。"
        }
    ]
}