{
    "category": "bewitchment:brewing",
    "name": "腐朽",
    "icon": "bewitchment:demon_horn",
    "advancement": "bewitchment:hidden_unlocks/demon_horn",
    "pages": [
        {
            "type": "patchouli:text",
            "text": "使用恶魔角制成的$(l:bewitchment:brewing/brewing_basics)药水$()能够将正面药水效果反转成对应的负面药水效果。$(br2)添加在魔药材料中时，腐朽效果会覆盖之前所有的药水效果，意味着服食后所有的效果都会反转，但魔药功效本身不变。"
        },
        {
            "type": "patchouli:spotlight",
            "title": "腐朽",
            "item": "bewitchment:demon_horn"
        }
    ]
}