{
    "category": "bewitchment:brewing",
    "name": "失聪",
    "icon": "minecraft:honeycomb",
    "advancement": "bewitchment:hidden_unlocks/altars",
    "pages": [
        {
            "type": "patchouli:text",
            "text": "使受影响者听觉下降。"
        },
        {
            "type": "patchouli:spotlight",
            "title": "失聪",
            "item": "minecraft:honeycomb",
            "text": "该药水强度越高，效果越明显。"
        }
    ]
}