{
    "category": "bewitchment:brewing",
    "name": "偏转",
    "icon": "minecraft:phantom_membrane",
    "advancement": "bewitchment:hidden_unlocks/altars",
    "pages": [
        {
            "type": "patchouli:text",
            "text": "偏转箭矢的轨迹，使它们会在更快的速度回到发射位置。"
        },
        {
            "type": "patchouli:spotlight",
            "title": "偏转",
            "item": "minecraft:phantom_membrane",
            "text": "受偏转效果影响后，箭矢的速度越快。"
        }
    ]
}