{
    "category": "bewitchment:brewing",
    "name": "离散",
    "icon": "minecraft:ender_pearl",
    "advancement": "bewitchment:hidden_unlocks/altars",
    "pages": [
        {
            "type": "patchouli:text",
            "text": "使目标物体短距离传送。"
        },
        {
            "type": "patchouli:spotlight",
            "title": "离散",
            "item": "minecraft:ender_pearl",
            "text": "药水强度越高，则传送半径也越大。"
        }
    ]
}