{
    "category": "bewitchment:brewing",
    "name": "元素养油",
    "icon": "bewitchment:cleansing_balm",
    "advancement": "bewitchment:hidden_unlocks/witch_cauldron",
    "priority": true,
    "pages": [
        {
            "type": "patchouli:text",
            "text": "元素养油是巫术中必不可少的合成物品，由一种$(l:bewitchment:introduction/bark)树皮$()和其它成分制成。$(br2)需要先将一块$(l:bewitchment:introduction/bark)树皮$()扔进$(l:bewitchment:tools/witch_cauldron)巫婆炼药锅$()，再添加其它成分。当颜色呈现出美妙的配合时，就可以将得到的物品装入瓶中。"
        },
        {
            "type": "bewitchment:oil",
            "recipe": "bewitchment:oil_crafting/cleansing_balm",
            "text": "净化罐关联光明，和光明一样明亮。"
        },
        {
            "type": "bewitchment:oil",
            "recipe": "bewitchment:oil_crafting/grim_elixir",
            "text": "与黑暗原则相关的恐怖药剂呈暗色，如血液。"
        },
        {
            "type": "bewitchment:oil",
            "recipe": "bewitchment:oil_crafting/aqua_cerate",
            "text": "水晶药膏呈蓝色，如同水。$(br2)任何类型的鱼都可以用于酿造。"
        },
        {
            "type": "bewitchment:oil",
            "recipe": "bewitchment:oil_crafting/fiery_serum",
            "text": "烈焰血清是明亮的橙色。它包含了火焰的原理。"
        },
        {
            "type": "bewitchment:oil",
            "recipe": "bewitchment:oil_crafting/earth_ichor",
            "text": "这种草绿色的油包含土地的能量。"
        },
        {
            "type": "bewitchment:oil",
            "recipe": "bewitchment:oil_crafting/heaven_extract",
            "text": "天堂精华是完全的白色，代表着空气。$(br2)请注意不要先投下$(l:bewitchment:introduction/crops)曼德拉草根$()，否则你可能会意外地创造出一杯$(l:bewitchment:brewing/brewing_basics)酿造$()。"
        }
    ]
}