{
    "category": "bewitchment:brewing",
    "name": "附魔后",
    "icon": "minecraft:lapis_block",
    "advancement": "bewitchment:hidden_unlocks/altars",
    "pages": [
        {
            "type": "patchouli:text",
            "text": "使普通攻击变成魔法攻击，可以穿透护甲。"
        },
        {
            "type": "patchouli:spotlight",
            "title": "附魔后",
            "item": "minecraft:lapis_block",
            "text": "造成的伤害比原来大大降低，但会根据药水的强度增加固定的伤害加成。"
        }
    ]
}