{
    "category": "bewitchment:brewing",
    "name": "以太",
    "icon": "bewitchment:ectoplasm",
    "advancement": "bewitchment:hidden_unlocks/altars",
    "pages": [
        {
            "type": "patchouli:text",
            "text": "以太物品不能受到任何伤害，但也不能造成任何伤害。"
        },
        {
            "type": "patchouli:spotlight",
            "title": "以太",
            "item": "bewitchment:ectoplasm",
            "text": "药水的强度对该效果没有影响。"
        }
    ]
}