{
    "category": "bewitchment:brewing",
    "name": "鳃",
    "icon": "minecraft:cod",
    "advancement": "bewitchment:hidden_unlocks/altars",
    "pages": [
        {
            "type": "patchouli:text",
            "text": "此恶意效果将目标的肺换成鳃，使其只能在水下呼吸。"
        },
        {
            "type": "patchouli:spotlight",
            "title": "鳃",
            "item": "minecraft:cod",
            "text": "任何类型的鱼都可以用于此药水。"
        }
    ]
}