{
    "category": "bewitchment:brewing",
    "name": "硬化",
    "icon": "minecraft:scute",
    "advancement": "bewitchment:hidden_unlocks/altars",
    "pages": [
        {
            "type": "patchouli:text",
            "text": "这种效果会让皮肤变硬，提高护甲点数。"
        },
        {
            "type": "patchouli:spotlight",
            "title": "硬化",
            "item": "minecraft:scute",
            "text": "护甲的加成与效果的强度成正比。"
        }
    ]
}