{
    "category": "bewitchment:brewing",
    "name": "点燃",
    "icon": "minecraft:blaze_powder",
    "advancement": "bewitchment:hidden_unlocks/altars",
    "pages": [
        {
            "type": "patchouli:text",
            "text": "这将使目标在效果持续时着火。"
        },
        {
            "type": "patchouli:spotlight",
            "title": "点燃",
            "item": "minecraft:blaze_powder",
            "text": "点燃效果与药水的强度无关。"
        }
    ]
}