{
    "category": "bewitchment:brewing",
    "name": "受限",
    "icon": "bewitchment:silver_ingot",
    "advancement": "bewitchment:hidden_unlocks/altars",
    "pages": [
        {
            "type": "patchouli:text",
            "text": "此效果会阻止饮用者使用其$(l:bewitchment:introduction/altars#internalme)内在魔力储量$()。这意味着他们不能使用需要$(l:bewitchment:introduction/altars)魔力能量$()的物品。"
        },
        {
            "type": "patchouli:spotlight",
            "title": "受限",
            "item": "bewitchment:silver_ingot",
            "text": "药水的强度对该效果没有影响。"
        }
    ]
}