{
    "category": "bewitchment:brewing",
    "name": "鼓舞",
    "icon": "bewitchment:elder_bark",
    "advancement": "bewitchment:hidden_unlocks/altars",
    "pages": [
        {
            "type": "patchouli:text",
            "text": "这会让饮用者的$(l:bewitchment:introduction/altars#internalme)内在魔力储量$()得到固定的增加。"
        },
        {
            "type": "patchouli:spotlight",
            "title": "鼓舞",
            "item": "bewitchment:elder_bark",
            "text": "药水的强度会增加获取到的$(l:bewitchment:introduction/altars#internalme)魔力$()数量。"
        }
    ]
}