{
    "category": "bewitchment:brewing",
    "name": "吸血",
    "icon": "bewitchment:bottle_of_blood",
    "advancement": "bewitchment:hidden_unlocks/altars",
    "pages": [
        {
            "type": "patchouli:text",
            "text": "根据造成的伤害治疗目标。"
        },
        {
            "type": "patchouli:spotlight",
            "title": "吸血",
            "item": "bewitchment:bottle_of_blood",
            "text": "强度越高，治疗的生命值越多。$(br2)如果目标在$(l:bewitchment:brewing/mundane_brews#strength)强度$()，$(l:bewitchment:brewing/mundane_brews#regeneration)再生$()或$(l:bewitchment:brewing/mundane_brews#resistance)抵抗$()战斗药水效果的影响下，则此效果不会生效。"
        }
    ]
}