{
    "category": "bewitchment:brewing",
    "name": "魔法海绵",
    "icon": "bewitchment:dragons_blood_resin",
    "advancement": "minecraft:nether/find_fortress",
    "pages": [
        {
            "type": "patchouli:text",
            "text": "魔法海绵将降低来自魔法源的伤害，并根据伤害量填充目标的 $(l:bewitchment:introduction/altars#internalme)内部ME储存器$()。"
        },
        {
            "type": "patchouli:spotlight",
            "title": "魔法海绵",
            "item": "bewitchment:dragons_blood_resin",
            "text": "强度越高，魔法伤害减免越多。"
        }
    ]
}