{
    "category": "bewitchment:brewing",
    "name": "平凡酿造",
    "icon": "bewitchment:witch_cauldron",
    "advancement": "bewitchment:hidden_unlocks/altars",
    "priority": true,
    "pages": [
        {
            "type": "patchouli:text",
            "text": "使用 $(l:bewitchment:tools/witch_cauldron)女巫大釜$() 可制造出更神奇的 $(l:bewitchment:brewing/brewing_basics)酿造$()，但有时一些女巫可能更喜欢使用更微妙的 $(l:bewitchment:brewing/brewing_basics)酿造$()。$(br)本节中所有 $(l:bewitchment:brewing/brewing_basics)酿造$() 都可以通过其他方式获得，但 $(l:bewitchment:tools/witch_cauldron)女巫大釜$() 可以使其更强力。$(br)女巫大釜中制造的平凡 $(l:bewitchment:brewing/brewing_basics)酿造$() 使用略有不同的原料。"
        },
        {
            "type": "patchouli:spotlight",
            "title": "吸收",
            "item": "minecraft:honey_bottle",
            "text": "提供一段时间的额外生命值。"
        },
        {
            "type": "patchouli:spotlight",
            "title": "致盲",
            "item": "minecraft:ink_sac",
            "text": "极大减少目标的视野范围，令周围一切变黑暗。"
        },
        {
            "type": "patchouli:spotlight",
            "title": "耐火",
            "item": "minecraft:nether_wart",
            "text": "使目标免疫火焰。"
        },
        {
            "type": "patchouli:spotlight",
            "title": "发光",
            "item": "minecraft:glistering_melon_slice",
            "text": "使目标发出刺眼的光芒。"
        },
        {
            "type": "patchouli:spotlight",
            "title": "加速",
            "item": "minecraft:dandelion",
            "text": "提高采矿和攻击速度。"
        },
        {
            "type": "patchouli:spotlight",
            "title": "饥饿",
            "item": "minecraft:rotten_flesh",
            "text": "造成饥饿效果。"
        },
        {
            "type": "patchouli:spotlight",
            "title": "瞬间生命",
            "item": "bewitchment:garlic",
            "text": "使用 $(l:bewitchment:introducton/crops)大蒜$() 的恢复特性，瞬间恢复一定量的生命值。"
        },
        {
            "type": "patchouli:spotlight",
            "title": "瞬间伤害",
            "item": "bewitchment:cypress_bark",
            "text": "使用 $(l:bewitchment:introduction/cypress_trees)柏树$() 的致命能量，瞬间造成一定量的伤害。"
        },
        {
            "type": "patchouli:spotlight",
            "title": "隐形",
            "item": "minecraft:vine",
            "text": "使目标隐形。"
        },
        {
            "type": "patchouli:spotlight",
            "title": "跳跃提升",
            "item": "minecraft:rabbit_foot",
            "text": "跳跃力提升。"
        },
        {
            "type": "patchouli:spotlight",
            "title": "飘浮",
            "item": "minecraft:chorus_fruit",
            "text": "缓慢地将目标提升至天空。"
        },
        {
            "type": "patchouli:spotlight",
            "title": "挖掘疲劳",
            "item": "minecraft:poppy",
            "text": "挖掘疲劳使目标的打击速度变慢。"
        },
        {
            "type": "patchouli:spotlight",
            "title": "恶心",
            "item": "bewitchment:aconite",
            "text": "通过使目标失去方向感来引起恶心。"
        },
        {
            "type": "patchouli:spotlight",
            "title": "夜视",
            "item": "minecraft:carrot",
            "text": "胡萝卜对眼睛好。"
        },
        {
            "type": "patchouli:spotlight",
            "title": "中毒",
            "item": "bewitchment:belladonna",
            "text": "填满目标的血液以致命的毒素。"
        },
        {
            "type": "patchouli:spotlight",
            "title": "回复",
            "item": "bewitchment:juniper_bark",
            "text": "通过利用 $(l:bewitchment:introduction/juniper_trees)花柏$() 的生命能量，回复效果更快。",
            "anchor": "regeneration"
        },
        {
            "type": "patchouli:spotlight",
            "title": "抗性",
            "item": "bewitchment:spruce_bark",
            "text": "减少受到的伤害。",
            "anchor": "resistance"
        },
        {
            "type": "patchouli:spotlight",
            "title": "缓降落",
            "item": "minecraft:feather",
            "text": "使目标像羽毛一样轻盈地降落。"
        },
        {
            "type": "patchouli:spotlight",
            "title": "缓慢",
            "item": "minecraft:slime_ball",
            "text": "降低目标的移动速度。"
        },
        {
            "type": "patchouli:spotlight",
            "title": "速度",
            "item": "minecraft:sugar_cane",
            "text": "使用甘蔗的养分来增加移动速度。"
        },
        {
            "type": "patchouli:spotlight",
            "title": "力量",
            "item": "bewitchment:oak_bark",
            "text": "使用橡木的力量来增加伤害输出。",
            "anchor": "strength"
        },
        {
            "type": "patchouli:spotlight",
            "title": "水下呼吸",
            "item": "minecraft:kelp",
            "text": "允许在水中呼吸。"
        },
        {
            "type": "patchouli:spotlight",
            "title": "虚弱",
            "item": "minecraft:red_mushroom",
            "text": "降低目标的攻击伤害。$(br2)泥头菇也可以制作此药剂。"
        },
        {
            "type": "patchouli:spotlight",
            "title": "凋零",
            "item": "minecraft:wither_rose",
            "text": "逐渐减少目标的生命值。"
        }
    ]
}