{
    "category": "bewitchment:brewing",
    "name": "滋养",
    "icon": "minecraft:bamboo",
    "advancement": "bewitchment:hidden_unlocks/altars",
    "pages": [
        {
            "type": "patchouli:text",
            "text": "滋养效果可以增加食物的效果，使食物获得更多的饱食度。"
        },
        {
            "type": "patchouli:spotlight",
            "title": "滋养",
            "item": "minecraft:bamboo",
            "text": "滋养效果的增益值随着强度的提高而增加。"
        }
    ]
}