{
    "category": "bewitchment:brewing",
    "name": "多形态",
    "icon": "bewitchment:taglock{OwnerName:Aelpecyem}",
    "advancement": "bewitchment:hidden_unlocks/altars",
    "pages": [
        {
            "type": "patchouli:text",
            "text": "多形态效果是最多才多艺的效果之一。在多形态效果下，玩家会变形成使用$(l:bewitchment:tools/taglock)标记锁定器$()所选择的目标形态。$(br2)这种药水可以制作成溅射药水或其他类似药水。"
        },
        {
            "type": "patchouli:spotlight",
            "title": "多形态",
            "item": "bewitchment:taglock{FromPlayer: 1b, OwnerUUID: [I; 1672005179, -1854323673, -2070260447, 778045631], OwnerName:\"Aelpecyem\"}",
            "text": "强度对此药剂没有影响。$(br2)此药剂只对其他玩家的 $(l:bewitchment:tools/taglock)标记锁定器$() 生效。"
        }
    ]
}