{
    "category": "bewitchment:brewing",
    "name": "净化",
    "icon": "bewitchment:birch_bark",
    "advancement": "bewitchment:hidden_unlocks/altars",
    "pages": [
        {
            "type": "patchouli:text",
            "text": "利用白桦树的净化力量，净化效果可以削弱有害状态的影响。$(br2)每个强度将降低一个负面效果的影响力，并降低自身的力量。"
        },
        {
            "type": "patchouli:spotlight",
            "title": "净化",
            "item": "bewitchment:birch_bark",
            "text": "换句话说，这意味着你可以消除更多的负面效果。有多强，就可以消除有多强的效果。"
        }
    ]
}