{
    "category": "bewitchment:brewing",
    "name": "沉降",
    "icon": "minecraft:iron_ingot",
    "advancement": "bewitchment:hidden_unlocks/altars",
    "pages": [
        {
            "type": "patchouli:text",
            "text": "让目标下沉得更快，特别是在水中或飞行时。"
        },
        {
            "type": "patchouli:spotlight",
            "title": "沉降",
            "item": "minecraft:iron_ingot",
            "text": "强度越高，目标就下沉得越快。"
        }
    ]
}