{
    "category": "bewitchment:brewing",
    "name": "同步",
    "icon": "minecraft:ghast_tear",
    "advancement": "bewitchment:hidden_unlocks/altars",
    "pages": [
        {
            "type": "patchouli:text",
            "text": "同步效果会将你拥有的任何效果应用到附近的实体上。"
        },
        {
            "type": "patchouli:spotlight",
            "title": "同步",
            "item": "minecraft:ghast_tear",
            "text": "同步效果的时间减半。$(br2)此效果与$(l:bewitchment:brewing/theft)窃取$()不兼容。$(br2)强度越高，其影响范围就越远。"
        }
    ]
}