{
    "category": "bewitchment:brewing",
    "name": "窃取",
    "icon": "minecraft:diamond",
    "advancement": "bewitchment:hidden_unlocks/altars",
    "pages": [
        {
            "type": "patchouli:text",
            "text": "窃取效果会偷走附近任何实体的正面效果，并将其应用到你身上。但不包括环境效果。"
        },
        {
            "type": "patchouli:spotlight",
            "title": "窃取",
            "item": "minecraft:diamond",
            "text": "偷取效果会将时间减半。$(br2)此效果与$(l:bewitchment:brewing/synchronized)同步$()不兼容。$(br2)强度越高，其影响范围就越远。"
        }
    ]
}