{
    "category": "bewitchment:brewing",
    "name": "荆棘",
    "icon": "minecraft:cactus",
    "advancement": "bewitchment:hidden_unlocks/altars",
    "pages": [
        {
            "type": "patchouli:text",
            "text": "荆棘效果的作用如其名所示。试图对用户造成伤害的所有实体都将受到一定伤害。"
        },
        {
            "type": "patchouli:spotlight",
            "title": "荆棘",
            "item": "minecraft:cactus",
            "text": "通过荆棘受到的伤害与效果强度成正比。"
        }
    ]
}