{
    "category": "bewitchment:brewing",
    "name": "不稳定",
    "icon": "minecraft:fire_charge",
    "advancement": "bewitchment:hidden_unlocks/altars",
    "pages": [
        {
            "type": "patchouli:text",
            "text": "使目标极易不稳定。受到攻击时，它们会引发破坏性爆炸，立即移除效果并对所有周围的实体造成伤害。"
        },
        {
            "type": "patchouli:spotlight",
            "title": "不稳定",
            "item": "minecraft:fire_charge",
            "text": "爆炸伤害随效果强度增大而增加。"
        }
    ]
}