{
    "category": "bewitchment:brewing",
    "name": "网住",
    "icon": "minecraft:cobweb",
    "advancement": "bewitchment:hidden_unlocks/altars",
    "pages": [
        {
            "type": "patchouli:text",
            "text": "立即在目标周围放置临时的蜘蛛网。"
        },
        {
            "type": "patchouli:spotlight",
            "title": "网住",
            "item": "minecraft:cobweb",
            "text": "强度增加将使放置蜘蛛网的半径增大。"
        }
    ]
}