{
    "name": "全铝矿石",
    "icon": "allthemodium:allthemodium_ore",
    "category": "allthemodium:ore",
    "sortnum": 1,
    "pages": [
        {
            "type": "spotlight",
            "item": "allthemodium:allthemodium_ore",
            "title": "全铝矿石",
            "link_recipe": false,
            "text": "全铝矿石生成在深暗生物群系的洞穴墙壁和天花板，也可以在山脉高度超过170Y的地方作为常见矿物生成。它还可以在采矿维度的Y-59到Y20之间的所有地方找到，并在另一个维度的深板岩层洞穴中发现。"
        }
    ]
}