{
    "betterend.music.forest": {
        "category": "music",
        "sounds": [
            {
                "name": "betterend:music/dan_henig-eternal_garden",
                "volume": 0.2,
                "stream": true
            },
            {
                "name": "betterend:music/dan_henig-nebular_focus",
                "volume": 0.2,
                "stream": true
            },
            {
                "name": "betterend:music/bobby_richards-two_moons",
                "volume": 0.2,
                "stream": true
            },
            {
                "name": "betterend:music/astron-peaceful_mind",
                "volume": 0.2,
                "stream": true
            }
        ]
    },
    "betterend.music.water": {
        "category": "music",
        "sounds": [
            {
                "name": "betterend:music/jesse_gallagher-the_blue_pearl",
                "volume": 0.2,
                "stream": true
            },
            {
                "name": "betterend:music/jesse_gallagher-venkatesananda",
                "volume": 0.2,
                "stream": true
            },
            {
                "name": "betterend:music/the_tides-somnolent",
                "volume": 0.2,
                "stream": true
            },
            {
                "name": "betterend:music/benjamin_martins-verve",
                "volume": 0.2,
                "stream": true
            }
        ]
    },
    "betterend.music.dark": {
        "category": "music",
        "sounds": [
            {
                "name": "betterend:music/emmit_fenn-creep",
                "volume": 0.2,
                "stream": true
            },
            {
                "name": "betterend:music/jesse_gallagher-the_anunnaki_return",
                "volume": 0.2,
                "stream": true
            },
            {
                "name": "betterend:music/i_think_i_can_help_you-the_six_realms",
                "volume": 0.2,
                "stream": true
            },
            {
                "name": "betterend:music/jesse_gallagher-maestro_tlakaelel",
                "volume": 0.2,
                "stream": true
            }
        ]
    },
    "betterend.music.openspace": {
        "category": "music",
        "sounds": [
            {
                "name": "betterend:music/godmode-melancholia",
                "volume": 0.2,
                "stream": true
            },
            {
                "name": "betterend:music/asher_fulero-elegy",
                "volume": 0.2,
                "stream": true
            },
            {
                "name": "betterend:music/the-tides-ammil",
                "volume": 0.2,
                "stream": true
            },
            {
                "name": "betterend:music/vyen-amber",
                "volume": 0.2,
                "stream": true
            }
        ]
    },
    "betterend.music.caves": {
        "category": "music",
        "sounds": [
            {
                "name": "betterend:music/godmode-future_rennaisance",
                "volume": 0.1,
                "stream": true
            },
            {
                "name": "betterend:music/futuremono-moonrise",
                "volume": 0.1,
                "stream": true
            },
            {
                "name": "betterend:music/emmit_fenn-wander",
                "volume": 0.1,
                "stream": true
            },
            {
                "name": "betterend:music/corbyn_kites-orbit",
                "volume": 0.1,
                "stream": true
            }
        ]
    },
    "betterend.ambient.foggy_mushroomland": {
        "category": "ambient",
        "sounds": [
            {
                "name": "betterend:ambient/foggy_mushroomland",
                "stream": true
            }
        ]
    },
    "betterend.ambient.chorus_forest": {
        "category": "ambient",
        "sounds": [
            {
                "name": "betterend:ambient/chorus_forest",
                "stream": true
            }
        ]
    },
    "betterend.ambient.megalake": {
        "category": "ambient",
        "sounds": [
            {
                "name": "betterend:ambient/megalake",
                "stream": true
            }
        ]
    },
    "betterend.ambient.dust_wastelands": {
        "category": "ambient",
        "sounds": [
            {
                "name": "betterend:ambient/dust_wastelands",
                "stream": true
            }
        ]
    },
    "betterend.ambient.megalake_grove": {
        "category": "ambient",
        "sounds": [
            {
                "name": "betterend:ambient/megalake_grove",
                "stream": true
            }
        ]
    },
    "betterend.ambient.blossoming_spires": {
        "category": "ambient",
        "sounds": [
            {
                "name": "betterend:ambient/blossoming_spires",
                "stream": true
            }
        ]
    },
    "betterend.ambient.sulphur_springs": {
        "category": "ambient",
        "sounds": [
            {
                "name": "betterend:ambient/sulphur_springs",
                "volume": 0.3,
                "stream": true
            }
        ]
    },
    "betterend.ambient.umbrella_jungle": {
        "category": "ambient",
        "sounds": [
            {
                "name": "betterend:ambient/umbrella_jungle",
                "volume": 1.0,
                "stream": true
            }
        ]
    },
    "betterend.ambient.glowing_grasslands": {
        "category": "ambient",
        "sounds": [
            {
                "name": "betterend:ambient/glowing_grasslands",
                "volume": 1.0,
                "stream": true
            }
        ]
    },
    "betterend.ambient.caves": {
        "category": "ambient",
        "sounds": [
            {
                "name": "betterend:ambient/caves",
                "volume": 0.5,
                "stream": true
            }
        ]
    },
    "betterend.ambient.amber_land": {
        "category": "ambient",
        "sounds": [
            {
                "name": "betterend:ambient/amber_land",
                "stream": true
            }
        ]
    },
    "betterend.ambient.umbra_valley": {
        "category": "ambient",
        "sounds": [
            {
                "name": "betterend:ambient/umbra_valley",
                "stream": true
            }
        ]
    },
    "betterend.entity.dragonfly": {
        "category": "entity",
        "sounds": [
            {
                "name": "betterend:entity/dragonfly/dragonfly_1",
                "stream": false,
                "attenuation_distance": 16
            },
            {
                "name": "betterend:entity/dragonfly/dragonfly_2",
                "stream": false,
                "attenuation_distance": 16
            },
            {
                "name": "betterend:entity/dragonfly/dragonfly_3",
                "stream": false,
                "attenuation_distance": 16
            }
        ]
    },
    "betterend.entity.shadow_walker": {
        "category": "entity",
        "sounds": [
            {
                "name": "betterend:entity/shadow_walker/shadow_walker_1",
                "stream": false,
                "attenuation_distance": 16
            },
            {
                "name": "betterend:entity/shadow_walker/shadow_walker_2",
                "stream": false,
                "attenuation_distance": 16
            }
        ]
    },
    "betterend.entity.shadow_walker_damage": {
        "category": "entity",
        "sounds": [
            {
                "name": "betterend:entity/shadow_walker/shadow_walker_damage",
                "stream": false,
                "attenuation_distance": 16
            }
        ]
    },
    "betterend.entity.shadow_walker_death": {
        "category": "entity",
        "sounds": [
            {
                "name": "betterend:entity/shadow_walker/shadow_walker_death",
                "stream": false,
                "attenuation_distance": 16
            }
        ]
    },
    "betterend.record.strange_and_alien": {
        "category": "record",
        "sounds": [
            {
                "name": "betterend:records/firel-strange_and_alien",
                "stream": true,
                "attenuation_distance": 16
            }
        ]
    },
    "betterend.record.grasping_at_stars": {
        "category": "record",
        "sounds": [
            {
                "name": "betterend:records/firel-grasping_at_stars",
                "stream": true,
                "attenuation_distance": 16
            }
        ]
    },
    "betterend.record.endseeker": {
        "category": "record",
        "sounds": [
            {
                "name": "betterend:records/firel-endseeker",
                "stream": true,
                "attenuation_distance": 16
            }
        ]
    },
    "betterend.record.eo_dracona": {
        "category": "record",
        "sounds": [
            {
                "name": "betterend:records/firel-eo_dracona",
                "stream": true,
                "attenuation_distance": 16
            }
        ]
    }
}