{
    "name": "The Other",
    "icon": "allthemodium:other_vibranium_ore",
    "category": "allthemodium:dimensions",
    "sortnum": 3,
    "pages": [
        {
            "type": "text",
            "text": "另一个是一个非常具有敌意的维度。要传送到这个维度，可以在下界使用$(l:dimensions/teleport_pad)传送垫$(/c)。这个地方知之甚少，但似乎是猪灵来自的地方，地表有树木覆盖的任何生物群系都会有庞大的地下城市，以及充满怪物和战利品的古代金字塔。"
        }
    ]
}