{
    "name": "传送垫",
    "icon": "allthemodium:teleport_pad",
    "category": "allthemodium:dimensions",
    "sortnum": 1,
    "pages": [
        {
            "type": "crafting",
            "recipe": "allthemodium:teleport_pad"
        },
        {
            "type": "text",
            "text": "传送垫可以用来传送到$(l:dimensions/miningdim)采矿维度$(/c)，以及$(l:dimensions/otherdim)另一个维度$(/c)，你需要用空手和副手同时按下Shift和右键。$(br2)需要注意的是，$(l:dimensions/miningdim)采矿维度$(/c)在ATM6:To The Sky包中是禁用的。"
        }
    ]
}