{
    "name": "捕捉",
    "icon": "minecraft:enchanted_book",
    "category": "apotheosis:spawner/spawner",
    "flag": "apotheosis:spawner",
    "sortnum": 2,
    "pages": [
        {
            "type": "patchouli:text",
            "text": "可以使用 $(9)刷怪蛋$() 改变 Mob 生成笼的实体种类。$(p)通常这些东西无法获得。为解决这个问题，Apotheosis 添加了剑的 $(9)捕捉$() 附魔。"
        },
        {
            "type": "patchouli:spotlight",
            "item": "minecraft:cow_spawn_egg",
            "title": "刷怪蛋",
            "text": "$(9)捕捉$() 附魔的每个等级给你一个 0.4% 的几率使实体在死亡时掉落它们的刷怪蛋。$(p)没有刷怪蛋物品的实体（如 JEI 中所见）无法掉落。"
        }
    ]
}