{
    "name": "笼子修改",
    "icon": "minecraft:clock",
    "category": "apotheosis:spawner/spawner",
    "flag": "apotheosis:spawner",
    "sortnum": 1,
    "pages": [
        {
            "type": "patchouli:text",
            "text": "在阅读 $(l:apotheosis:笼子数据)笼子数据$() 后，你可能想知道如何修改它们。$(p)这就是 $(9)笼子修改$()，一种编辑笼子数据的系统。$(p)一个修改器最多由两个物品组成，并在笼子数据中产生特定的变化。"
        },
        {
            "type": "patchouli:text",
            "title": "查看修改器",
            "text": "在 JEI 中，所有的修改器都是可见的。$(p)它们可以通过查看 $(9)Mob 生成笼$() 的用途和配方，或者修改器物品的用途来获取。$(p)那里有很多工具提示，所以请仔细查看。"
        },
        {
            "type": "patchouli:text",
            "title": "标注",
            "text": "在 JEI 中，状态变化被标注为$(br)$(9)+/- X 状态$()。$(p)有些状态没有数字值，所以它们会显示为 $(9)+/- 状态$()。$(p)在工具提示中，非数字状态不会显示，除非启用。"
        },
        {
            "type": "patchouli:text",
            "title": "修改器上限",
            "text": "某些修改器不能将状态降低或增加到某个特定的值。$(p)这些将在 JEI 中该特定状态的工具提示中注明。$(p)这些上限是特定于修改器的，因此一个修改器的上限可能与另一个修改器对于相同状态的上限不同。"
        },
        {
            "type": "patchouli:text",
            "title": "应用修改器",
            "text": "要应用修改器，只需将相应的物品拿在手中，并右击 $(9)Mob 生成笼$()。$(p)如果修改成功，物品将被消耗。$(p)主要物品总是会被消耗，但次要物品可能不会被消耗。"
        },
        {
            "type": "patchouli:text",
            "text": "虽然 JEI 规定物品必须放在特定的手中，但不是必须的。$(p)只要拿着手中的物品，无论是左手还是右手，都可以应用修改器。"
        }
    ]
}