{
    "name": "Mob 生成笼",
    "icon": "minecraft:spawner",
    "category": "apotheosis:spawner/spawner",
    "flag": "apotheosis:spawner",
    "sortnum": -1,
    "pages": [
        {
            "type": "patchouli:text",
            "text": "$(9)刷怪笼$()是一个神奇的方块，可以从虚空中引入实体。$(p)但你已经知道这一点了，所以让我们进入新的内容。$(p)在Apotheosis中，刷怪笼可以使用$(9)精准采集$()捡起。"
        },
        {
            "type": "patchouli:text",
            "text": "以这种方式收获刷怪笼将产生额外的耐久损耗。$(p)刷怪笼具有一系列$(l:apotheosis:spawner/stats)刷怪笼属性$()，控制它们的功能。$(p)这些属性可以使用$(l:apotheosis:spawner/modifiers)刷怪笼修改器$()更改。"
        }
    ]
}