{
    "name": "刷怪笼属性",
    "icon": "minecraft:writable_book",
    "category": "apotheosis:spawner/spawner",
    "flag": "apotheosis:spawner",
    "sortnum": 0,
    "pages": [
        {
            "type": "patchouli:text",
            "text": "每个刷怪笼都有$(9)刷怪笼属性$()，它们决定了它们的操作方式.$(p)生成时间间隔、生成的生物数量等.$(p)本章节详细说明了它们。"
        },
        {
            "type": "patchouli:text",
            "title": "生成延迟",
            "text": "刷怪笼生成实体之后，会有一定的时间延迟，直到下一次生成.$(p)这个延迟时间是在$(9)最小生成延迟$()和$(9)最大生成延迟$()的范围内随机确定的.$(p)如果最大延迟小于最小延迟，则将使用最小延迟。"
        },
        {
            "type": "patchouli:text",
            "title": "生成数量",
            "text": "$(9)生成数量$()确定同时生成多少生物.$(p)并不是所有的生成都会成功，因此有时会生成较少的实体.$(p)只要有一个实体生成就算生成成功，并重置延迟时间。"
        },
        {
            "type": "patchouli:text",
            "title": "最大实体数量",
            "text": "刷怪笼追踪附近的实体数量.$(p)如果该数量超过$(9)最大实体数量$()，则停止生成.$(p)只有与生成实体相同类型的实体才会被计算在内。"
        },
        {
            "type": "patchouli:text",
            "title": "激活范围",
            "text": "刷怪笼需要附近的一名玩家才能运行.$(p)那个玩家必须在$(9)激活范围$()内，这是一个半径为方块的区域。"
        },
        {
            "type": "patchouli:text",
            "title": "生成范围",
            "text": "$(9)生成范围$()是一定的区域内实体可以生成的半径.$(p)请确保这个区域适合生物生成，否则有些生成可能会失败。"
        },
        {
            "type": "patchouli:text",
            "title": "忽略玩家",
            "text": "忽略玩家的刷怪笼不需要玩家在$(9)激活范围$()内.$(p)它可以在有或者没有玩家的情况下运行。"
        },
        {
            "type": "patchouli:text",
            "title": "忽略条件",
            "text": "忽略条件的刷怪笼将不再需要某些特定于生物的生成条件.$(p)这些条件包括动物的草需求等.$(p)它只需要足够的空间和缺少附近实体。"
        },
        {
            "type": "patchouli:text",
            "title": "红石控制",
            "text": "带有$(9)红石控制$()的刷怪笼需要红石信号才能运行.$(p)这让你可以控制刷怪笼的运行时机。"
        },
        {
            "type": "patchouli:text",
            "title": "忽略光照",
            "text": "忽略光照的刷怪笼可以在所有光照级别下工作.$(p)这意味着生物可以在白天生成.$(p)如果已经$(9)忽略条件$()，则此修饰符无效。"
        },
        {
            "type": "patchouli:text",
            "title": "无AI",
            "text": "启用$(9)无AI$()的刷怪笼将生成没有任何AI的怪物.$(p)通常，这些怪物只会静止浮在那里，什么也不做.$(p)但是，由Apotheosis创建的怪物仍然可以移动。"
        },
        {
            "type": "patchouli:text",
            "text": "如果您正在制作大型的生物农场，您应该始终使用$(9)无AI$()升级.$(p)它会导致服务器负载显著降低，使怪物更容易控制。"
        }
    ]
}