{
    "category": "bewitchment:brewing",
    "name": "爱",
    "icon": "minecraft:rose_bush",
    "entry_color": "C15600",
    "flag": "bsm_love_potion",
    "advancement": "bewitchment:hidden_unlocks/altars",
    "pages": [
        {
            "type": "patchouli:text",
            "text": "此药水影响动物和村民。在此药水效果下，受影响的实体将愿意繁殖，尽管正常的繁殖冷却时间仍然存在。此外，几乎所有在此药水效果下的东西都可以作为$(l:bewitchment:rituals/binding) Familiar$()来绑定。"
        },
        {
            "type": "patchouli:spotlight",
            "title": "爱",
            "item": "minecraft:rose_bush",
            "text": "爱状况"
        }
    ]
}