{
    "name": "全铝苹果",
    "icon": "allthemodium:allthemodium_apple",
    "category": "allthemodium:food",
    "pages": [
        {
            "type": "crafting",
            "recipe": "allthemodium:allthemodium_apple",
            "title": "全铝苹果"
        },
        {
            "type": "text",
            "text": "全铝苹果提供20饥饿值和80饱和度。苹果具有以下效果:$(li)快速食用$(li)随时可以食用$(li)30秒的X吸收效果$(li)30秒的X再生效果"
        }
    ]
}