{
    "name": "全铝胡萝卜",
    "icon": "allthemodium:allthemodium_carrot",
    "category": "allthemodium:food",
    "pages": [
        {
            "type": "crafting",
            "recipe": "allthemodium:allthemodium_carrot",
            "title": "全铝胡萝卜"
        },
        {
            "type": "text",
            "text": "全铝胡萝卜提供40饥饿值和320饱和度。胡萝卜具有以下效果:$(li)快速食用$(li)随时可以食用$(li)30秒的X吸收效果$(li)30秒的X再生效果"
        }
    ]
}