{
    "name": "Allthemodium苹果",
    "icon": "allthemodium:allthemodium_apple",
    "category": "allthemodium:food",
    "pages": [
        {
            "type": "crafting",
            "recipe": "allthemodium:allthemodium_apple",
            "title": "Allthemodium苹果"
        },
        {
            "type": "text",
            "text": "Allthemodium苹果提供20个饥饿和80点饱和度。苹果具有以下效果:$(li)快速食用$(li)可以随时食用$(li)30秒吸收X$(li)30秒再生X"
        }
    ]
}