{
    "name": "Allthemodium胡萝卜",
    "icon": "allthemodium:allthemodium_carrot",
    "category": "allthemodium:food",
    "pages": [
        {
            "type": "crafting",
            "recipe": "allthemodium:allthemodium_carrot",
            "title": "Allthemodium胡萝卜"
        },
        {
            "type": "text",
            "text": "Allthemodium胡萝卜提供40个饥饿和320点饱和度。胡萝卜具有以下效果:$(li)快速食用$(li)可以随时食用$(li)30秒吸收X$(li)30秒再生X"
        }
    ]
}