{
    "category": "bewitchment:introduction",
    "name": "祭坛（Altars）",
    "icon": "bewitchment:stone_witch_altar",
    "advancement": "bewitchment:hidden_unlocks/barks",
    "priority": true,
    "pages": [
        {
            "type": "patchouli:text",
            "text": "祭坛是女巫巢穴的中坚力量。它们可以用来收集能量——此后称为ME（魔法能量）。这种能量对大多数巫术至关重要，可以从附近的植物中收集。你需要许多不同的植物来收集尽可能多的能量。"
        },
        {
            "type": "patchouli:text",
            "text": "你也可以将剑、五角星和魔棒放在祭坛上以修改它。$(br2)剑会增加存储倍增器。如头骨和宝石等的五角星会增加收益。魔杖，如$(l:bewitchment:tools/candelabras)烛台$()、灯笼和火把，会给予额外的容量奖励。"
        },
        {
            "type": "patchouli:text",
            "text": "祭坛是通过在底座区块上放置地毯来创建的。底座区块和地毯的选择仅限于美学需求，与三个境界之一相关联。$(br2)附近的祭坛将填充玩家的内置ME缓冲区，该缓冲区用于魔法，例如小饰品或$(l:bewitchment:tools/brooms)扫帚$()。",
            "anchor": "internalme"
        },
        {
            "type": "patchouli:image",
            "images": [
                "bewitchment:textures/gui/patchouli/altar.png"
            ],
            "border": true
        },
        {
            "type": "patchouli:crafting",
            "title": "主世界",
            "recipe": "bewitchment:stone_witch_altar",
            "recipe2": "bewitchment:mossy_cobblestone_witch_altar"
        },
        {
            "type": "patchouli:crafting",
            "title": " ",
            "recipe": "bewitchment:prismarine_witch_altar"
        },
        {
            "type": "patchouli:crafting",
            "title": "下界",
            "recipe": "bewitchment:nether_brick_witch_altar",
            "recipe2": "bewitchment:blackstone_witch_altar"
        },
        {
            "type": "patchouli:crafting",
            "title": " ",
            "recipe": "bewitchment:golden_witch_altar"
        },
        {
            "type": "patchouli:crafting",
            "title": "末地",
            "recipe": "bewitchment:end_stone_witch_altar",
            "recipe2": "bewitchment:obsidian_witch_altar"
        },
        {
            "type": "patchouli:crafting",
            "title": " ",
            "recipe": "bewitchment:purpur_witch_altar"
        }
    ]
}