{
    "category": "bewitchment:introduction",
    "name": "树皮",
    "icon": "bewitchment:oak_bark",
    "advancement": "bewitchment:hidden_unlocks/athame",
    "pages": [
        {
            "type": "patchouli:text",
            "text": "有人说树皮是树木中最有魔力的部分，所以早期女巫使用$(l:bewitchment:tools/athame)阿萨迈$()从树木上剥下树皮。$(br2)$(o)请注意，有些树木太硬了，无法剥下树皮。$()"
        },
        {
            "type": "patchouli:campfire",
            "recipe": "bewitchment:wood_ash_from_campfire_cooking",
            "text": "树皮可以用于许多事情，其中之一就是木灰。$(br2)在营火上放置树皮可以制作木灰。当木灰投入填充的$(l:bewitchment:tools/witch_cauldron)女巫坩埚$()中时，它会立即排空。"
        }
    ]
}