{
    "category": "bewitchment:introduction",
    "name": "庄稼",
    "icon": "bewitchment:mandrake_root",
    "pages": [
        {
            "type": "patchouli:text",
            "text": "巫术利用几种天然庄稼进行运用。这些庄稼用于$(l:bewitchment:rituals/rituals)仪式$()、$(l:bewitchment:brewing/brewing_basics)酿造$()，以及许多其他事情。$(br2)这些庄稼的种子可以在野草中找到，与其他种子类似。"
        },
        {
            "type": "bewitchment:multi_showcase",
            "item1": "bewitchment:aconite",
            "item2": "bewitchment:belladonna",
            "item3": "bewitchment:garlic",
            "item4": "bewitchment:mandrake_root",
            "header": "Regular Crops",
            "text": "四种常规庄稼是毒狼藉、颠茄、大蒜和曼德拉草。$(br2)毒狼藉主要用作神经毒素，而颠茄以引起身体伤害而闻名。大蒜代表愈合，曼德拉草增强魔法。"
        },
        {
            "type": "patchouli:smelting",
            "recipe": "bewitchment:grilled_garlic",
            "text": "大蒜还可以烤成美味的烤大蒜。"
        },
        {
            "type": "patchouli:crafting",
            "recipe": "bewitchment:garlic_bread",
            "text": "烤大蒜可以制成更美味的大蒜面包。"
        }
    ]
}