{
    "category": "bewitchment:introduction",
    "name": "柏树",
    "icon": "bewitchment:cypress_sapling",
    "pages": [
        {
            "type": "patchouli:text",
            "text": "柏树生成在针叶林和沼泽生物群系中。$(br2)与死亡相关的，由此木材制成的方块可以在一个小区域内隐藏你的身份，使你免受不死生物的攻击。"
        },
        {
            "type": "patchouli:image",
            "images": [
                "bewitchment:textures/gui/patchouli/cypress_tree.png"
            ],
            "border": true
        },
        {
            "type": "patchouli:crafting",
            "recipe": "bewitchment:cypress_wood",
            "recipe2": "bewitchment:cypress_planks"
        },
        {
            "type": "patchouli:crafting",
            "recipe": "bewitchment:cypress_stairs",
            "recipe2": "bewitchment:cypress_slab"
        },
        {
            "type": "patchouli:crafting",
            "recipe": "bewitchment:cypress_fence",
            "recipe2": "bewitchment:cypress_fence_gate"
        },
        {
            "type": "patchouli:crafting",
            "recipe": "bewitchment:cypress_pressure_plate",
            "recipe2": "bewitchment:cypress_button"
        },
        {
            "type": "patchouli:crafting",
            "recipe": "bewitchment:cypress_trapdoor",
            "recipe2": "bewitchment:cypress_door"
        },
        {
            "type": "patchouli:crafting",
            "recipe": "bewitchment:cypress_chest",
            "recipe2": "bewitchment:trapped_cypress_chest"
        },
        {
            "type": "patchouli:crafting",
            "recipe": "bewitchment:cypress_sign",
            "recipe2": "bewitchment:cypress_boat"
        }
    ]
}