{
    "category": "bewitchment:introduction",
    "name": "老人树",
    "icon": "bewitchment:elder_sapling",
    "pages": [
        {
            "type": "patchouli:text",
            "text": "这诺贝尔树生长在森林生态环境中。这种树通常与知识和智慧联系在一起。$(br2)使用这种木材制作的方块可以使用$(l:bewitchment:introduction/silver)银锭$()进行锁定。$(br2)锁定的方块可以使用$(l:bewitchment:tools/athame)划刀$()悄悄添加$(l:bewitchment:tools/taglock)目标令牌$()并将特定玩家添加到白/黑名单上，通过悄悄地蹑步切换名单。"
        },
        {
            "type": "patchouli:image",
            "images": [
                "bewitchment:textures/gui/patchouli/elder_tree.png"
            ],
            "border": true
        },
        {
            "type": "patchouli:crafting",
            "recipe": "bewitchment:elder_wood",
            "recipe2": "bewitchment:elder_planks"
        },
        {
            "type": "patchouli:crafting",
            "recipe": "bewitchment:elder_stairs",
            "recipe2": "bewitchment:elder_slab"
        },
        {
            "type": "patchouli:crafting",
            "recipe": "bewitchment:elder_fence",
            "recipe2": "bewitchment:elder_fence_gate"
        },
        {
            "type": "patchouli:crafting",
            "recipe": "bewitchment:elder_pressure_plate",
            "recipe2": "bewitchment:elder_button"
        },
        {
            "type": "patchouli:crafting",
            "recipe": "bewitchment:elder_trapdoor",
            "recipe2": "bewitchment:elder_door"
        },
        {
            "type": "patchouli:crafting",
            "recipe": "bewitchment:elder_chest",
            "recipe2": "bewitchment:trapped_elder_chest"
        },
        {
            "type": "patchouli:crafting",
            "recipe": "bewitchment:elder_sign",
            "recipe2": "bewitchment:elder_boat"
        }
    ]
}