{
    "category": "bewitchment:introduction",
    "name": "删抖树",
    "icon": "bewitchment:juniper_sapling",
    "pages": [
        {
            "type": "patchouli:text",
            "text": "删抖树代表生命。你可以在这种木材制成的方块内插入最多三个$(l:bewitchment:tools/taglock)目标令牌$()。使用时，这些方块会收集除所有者之外的$(l:bewitchment:tools/taglock)目标令牌$()。$(br2)通过使用时悄悄蹑步插入$(l:bewitchment:tools/taglock)目标令牌$()来插入它们。你可以在悄悄蹑步使用$(l:bewitchment:tools/athame)划刀$()来收集它们。"
        },
        {
            "type": "patchouli:image",
            "images": [
                "bewitchment:textures/gui/patchouli/juniper_tree.png"
            ],
            "border": true
        },
        {
            "type": "patchouli:crafting",
            "recipe": "bewitchment:juniper_wood",
            "recipe2": "bewitchment:juniper_planks"
        },
        {
            "type": "patchouli:crafting",
            "recipe": "bewitchment:juniper_stairs",
            "recipe2": "bewitchment:juniper_slab"
        },
        {
            "type": "patchouli:crafting",
            "recipe": "bewitchment:juniper_fence",
            "recipe2": "bewitchment:juniper_fence_gate"
        },
        {
            "type": "patchouli:crafting",
            "recipe": "bewitchment:juniper_pressure_plate",
            "recipe2": "bewitchment:juniper_button"
        },
        {
            "type": "patchouli:crafting",
            "recipe": "bewitchment:juniper_trapdoor",
            "recipe2": "bewitchment:juniper_door"
        },
        {
            "type": "patchouli:crafting",
            "recipe": "bewitchment:juniper_chest",
            "recipe2": "bewitchment:trapped_juniper_chest"
        },
        {
            "type": "patchouli:crafting",
            "recipe": "bewitchment:juniper_sign",
            "recipe2": "bewitchment:juniper_boat"
        }
    ]
}