{
    "category": "bewitchment:introduction",
    "name": "盐",
    "icon": "bewitchment:salt",
    "pages": [
        {
            "type": "patchouli:text",
            "text": "盐自古以来就被用作封堵邪恶生物的一种物品，因此有着保护的名声。$(br2)$()除了拥有保护作用外，盐也是一种常见的巫术材料。$(br2)$()盐矿石可以在接近地表的地方找到，非常容易挖掘。"
        },
        {
            "type": "patchouli:image",
            "images": [
                "bewitchment:textures/gui/patchouli/salt_ore.png"
            ],
            "border": true
        },
        {
            "type": "patchouli:crafting",
            "recipe": "bewitchment:salt_block"
        }
    ]
}