{
    "category": "bewitchment:introduction",
    "name": "银",
    "icon": "bewitchment:silver_ingot",
    "pages": [
        {
            "type": "patchouli:text",
            "text": "银矿石会在黄金附近生成，是纯洁的象征。$(br2)$()银块会对站在上面的邪恶生物造成伤害。$(br2)$()在本书中，任何“邪恶生物“一词都等价于给定实体对圣击附魔的敏感度。"
        },
        {
            "type": "patchouli:image",
            "images": [
                "bewitchment:textures/gui/patchouli/silver_ore.png"
            ],
            "border": true
        },
        {
            "type": "patchouli:smelting",
            "recipe": "bewitchment:silver_ingot_from_smelting_raw_silver",
            "text": "生银可以在火炉和高炉中处理。"
        },
        {
            "type": "patchouli:crafting",
            "recipe": "bewitchment:raw_silver_block",
            "recipe2": "bewitchment:silver_block"
        },
        {
            "type": "patchouli:crafting",
            "recipe": "bewitchment:silver_nugget"
        },
        {
            "type": "patchouli:crafting",
            "recipe": "bewitchment:silver_arrow",
            "text": "银箭可以像普通箭一样射出，但它们自带圣击效果。"
        }
    ]
}