{
    "entity.generic.spit": {
        "sounds": [
            "mob/llama/spit1",
            "mob/llama/spit2"
        ],
        "subtitle": "besmirchment.subtitles.entity.generic.spit"
    },
    "entity.lich.revive": {
        "sounds": [
            {
                "name": "mob/wither/spawn",
                "pitch": 0.5
            }
        ],
        "subtitle": "besmirchment.subtitles.entity.lich.revive"
    },
    "entity.beelzebub.ambient": {
        "sounds": [
            "mob/spider/say1",
            "mob/spider/say2",
            "mob/spider/say3",
            "mob/spider/say4"
        ],
        "subtitle": "besmirchment.subtitles.entity.beelzebub.ambient"
    },
    "entity.beelzebub.hurt": {
        "sounds": [
            "mob/spider/say1",
            "mob/spider/say2",
            "mob/spider/say3",
            "mob/spider/say4"
        ],
        "subtitle": "besmirchment.subtitles.entity.beelzebub.hurt"
    },
    "entity.beelzebub.death": {
        "sounds": [
            "mob/spider/death"
        ],
        "subtitle": "besmirchment.subtitles.entity.beelzebub.death"
    }
}