{
    "name": "吸收",
    "icon": "minecraft:textures/mob_effect/absorption.png",
    "category": "apotheosis:potion/recipes",
    "flag": "apotheosis:potion",
    "sortnum": 0,
    "pages": [
        {
            "type": "patchouli:text",
            "text": "$(9)吸收$() 是一种有趣的效果。$(p)每个等级都会获得额外的 2 个临时生命值。$(p)然而，这些生命值在药水持续期间不会刷新，因此最好使用一个 $(l:apotheosis:potion/charms/charm)药水符咒$()。"
        },
        {
            "type": "patchouli:spotlight",
            "title": "酿造配方",
            "item": "minecraft:golden_apple",
            "text": "你可以用一个尴尬的药水和一个金苹果来制作这种药水。$(p)你可以用通常的配料来加长、加强或使之成为飞溅药水。"
        }
    ]
}