{
    "name": "挖掘疲劳",
    "icon": "minecraft:textures/mob_effect/mining_fatigue.png",
    "category": "apotheosis:potion/recipes",
    "flag": "apotheosis:potion",
    "sortnum": 0,
    "pages": [
        {
            "type": "patchouli:text",
            "text": "$(c)挖掘疲劳$() 是通常只会被守卫实体应用的负面效果。$(p)在生效时，你的挖掘速度会按等级降低 20%。$(p)它与 $(9)加速$() 是直接对立的。"
        },
        {
            "type": "patchouli:spotlight",
            "title": "酿造配方",
            "item": "minecraft:fermented_spider_eye",
            "text": "你可以用一个 $(9)加速药水$() 和一个发酵蜘蛛之眼来制作这种药水。$(p)你可以用通常的配料来加长、加强或使之成为飞溅药水。"
        }
    ]
}