{
    "name": "加速",
    "icon": "minecraft:textures/mob_effect/haste.png",
    "category": "apotheosis:potion/recipes",
    "flag": "apotheosis:potion",
    "sortnum": 1,
    "pages": [
        {
            "type": "patchouli:text",
            "text": "$(9)加速$() 是另一个没有在普通版中发现配方的有用效果。$(p)每个等级可提高 20% 的挖掘速度。"
        },
        {
            "type": "patchouli:spotlight",
            "title": "酿造配方",
            "item": "minecraft:mushroom_stew",
            "text": "你可以用一个尴尬的药水和一些蘑菇煲来制作这种药水。$(p)你可以用通常的配料来加长、加强或使之成为飞溅药水。"
        }
    ]
}