{
    "name": "抗性",
    "icon": "minecraft:textures/mob_effect/resistance.png",
    "category": "apotheosis:potion/recipes",
    "flag": "apotheosis:potion",
    "sortnum": 0,
    "pages": [
        {
            "type": "patchouli:text",
            "text": "$(9)抗性$() 是一种非常有用的效果，没有普通版中的配方。$(p)每个等级可增加 20% 对所有来源的伤害减免。$(p)你还需要它来制作 $(l:apotheosis:potion/effects/sundering)破甲$() 药水。"
        },
        {
            "type": "patchouli:spotlight",
            "title": "酿造配方",
            "item": "minecraft:shulker_shell",
            "text": "你可以用一个尴尬的药水和一个潜影贝壳来制作这种药水。$(p)你可以用通常的配料来加长、加强或使之成为飞溅药水。"
        }
    ]
}