{
    "name": "凋零",
    "icon": "minecraft:textures/mob_effect/wither.png",
    "category": "apotheosis:potion/recipes",
    "flag": "&apotheosis:potion,apotheosis:wstloaded",
    "sortnum": 0,
    "pages": [
        {
            "type": "patchouli:text",
            "text": "$(c)凋零$() 是一种敌对效果，通常无法合成。$(p)拥有这个效果时，你将每个刻瞬间受到伤害。$(p)不同于中毒，这种伤害是致命的。"
        },
        {
            "type": "patchouli:spotlight",
            "title": "酿造配方",
            "item": "wstweaks:fragment",
            "text": "这个药水可以通过 Awkward Potion 和凋零骷髅头碎片配方制作。$(p)它可以通过常规材料延长时间，加强效果或转换成溅射药水。"
        }
    ]
}