{
    "name": "燃烧充能",
    "icon": "archon:combustion_charge",
    "category": "archon:misc",
    "sortnum": 1,
    "pages": [
        {
            "type": "patchouli:spotlight",
            "item": "archon:combustion_charge",
            "text": "燃烧充能可以开采出一个7x7的地板或墙壁区域，并留下掉落物品。这对于快速大规模采矿很有用。"
        },
        {
            "type": "patchouli:crafting",
            "recipe": "archon:combustion_charge"
        }
    ]
}