{
    "name": "德鲁伊靴子",
    "icon": "archon:druid_boots",
    "category": "archon:misc",
    "sortnum": 3,
    "pages": [
        {
            "type": "patchouli:spotlight",
            "item": "archon:druid_boots",
            "text": "德鲁伊靴子是皮革级别的靴子，能让你施肥周围的方块。你可以通过潜行来激活这个功能，但需要30点法力值并且有3秒的冷却时间。"
        },
        {
            "type": "patchouli:crafting",
            "recipe": "archon:druid_boots"
        }
    ]
}