{
    "name": "收割者",
    "icon": "archon:warping_harvester",
    "category": "archon:misc",
    "sortnum": 5,
    "pages": [
        {
            "type": "patchouli:text",
            "text": "收割者可以像普通的武器一样使用，但还有额外的掉落奖励。收割者的每个元素会从与该元素相关的生物掉落物品。"
        },
        {
            "type": "patchouli:text",
            "text": "$(li) 岩石收割者:僵尸 -> 腐肉，骷髅 -> 骨头，史莱姆 -> 史莱姆球 $(li) 空间收割者:末影人 -> 末影珍珠，潜影贝 -> 潜影壳，末影螨 -> 黑曜石 $(li) 火焰收割者:烈焰人 -> 烈焰棒，岩浆怪 -> 岩浆奶油，僵尸猪灵 -> 金锭 $(li) 微风收割者:恶鬼 -> 恶魂之泪，幽灵 -> 幽灵膜，恼鬼 -> 翡翠 $(li) 浸泡收割者:鱿鱼 -> 墨囊，溺水者 -> 铜锭，守卫者 -> 海晶碎片"
        },
        {
            "type": "patchouli:crafting",
            "recipe": "archon:rocky_harvester",
            "recipe2": "archon:warping_harvester"
        },
        {
            "type": "patchouli:crafting",
            "recipe": "archon:flaming_harvester",
            "recipe2": "archon:breezy_harvester"
        },
        {
            "type": "patchouli:crafting",
            "recipe": "archon:soaking_harvester"
        }
    ]
}