{
    "name": "瓶中闪电",
    "icon": "archon:lightning_bottle",
    "category": "archon:misc",
    "sortnum": 2,
    "pages": [
        {
            "type": "patchouli:spotlight",
            "item": "archon:lightning_bottle",
            "text": "瓶中闪电可以扔出去，在落地处触发闪电。它还可以用在苦力怕身上，使它们变得带电。这些可以从$(l:archon:world/wizard)巫师$()村民那里获得，或者在闪电中扔一个空瓶。"
        }
    ]
}