{
    "name": "法力吸取",
    "icon": "archon:mana_leech_spawn_egg",
    "category": "archon:misc",
    "sortnum": 4,
    "pages": [
        {
            "type": "patchouli:text",
            "text": "法力吸取是虚弱但敏捷的生物。它们会在$(l:archon:world/spires)尖顶$()内生成，并对玩家施加$(l:archon:effects_enchants/obstructed)障碍$()效果。"
        },
        {
            "type": "patchouli:entity",
            "entity": "archon:mana_leech"
        }
    ]
}