{
    "name": "经验袋",
    "icon": "archon:super_experience_pouch",
    "category": "archon:misc",
    "sortnum": 0,
    "pages": [
        {
            "type": "patchouli:spotlight",
            "item": "archon:experience_pouch",
            "text": "经验袋用于存储经验。只需按住Shift并右键单击，即可在袋子中存储10点经验点数，普通经验袋最多可以存储200点经验，超级经验袋最多可以存储400点经验。"
        },
        {
            "type": "patchouli:crafting",
            "recipe": "archon:experience_pouch",
            "recipe2": "archon:super_experience_pouch"
        }
    ]
}