{
    "name": "护甲",
    "icon": "minecraft:iron_chestplate",
    "category": "apotheosis:adventure/attributes",
    "flag": "apotheosis:adventure",
    "sortnum": 0,
    "pages": [
        {
            "type": "patchouli:text",
            "text": "$(9)护甲$()是衡量你对物理伤害的抵抗力的指标。$(p)通常由盔甲和有些盾牌提供。"
        },
        {
            "type": "patchouli:text",
            "text": "$(9)$(n)基础值:$()0$(p)$(9)$(n)最大值:$()40$(p)注意:在原版中，最大值为30。Apotheosis将上限提高到了40，并且更改了护甲数学。"
        }
    ]
}