{
    "name": "护甲韧性",
    "icon": "minecraft:netherite_chestplate",
    "category": "apotheosis:adventure/attributes",
    "flag": "apotheosis:adventure",
    "sortnum": 0,
    "pages": [
        {
            "type": "patchouli:text",
            "text": "$(9)护甲韧性$()是一个调整你的护甲对高伤害攻击的有效性的属性。$(p)通常由盔甲和有些盾牌提供。"
        },
        {
            "type": "patchouli:text",
            "text": "$(9)$(n)基础值:$()0$(p)$(9)$(n)最大值:$()30$(p)注意:在原版中， 最大值为20。Apotheosis将上限提高到了30，并更改了护甲数学。"
        }
    ]
}