{
    "name": "攻击伤害",
    "icon": "minecraft:diamond_sword",
    "category": "apotheosis:adventure/attributes",
    "flag": "apotheosis:adventure",
    "sortnum": 0,
    "pages": [
        {
            "type": "patchouli:text",
            "text": "$(9)攻击伤害$()是指控制你的攻击造成多少伤害的属性。$(p)通常由武器提供。"
        },
        {
            "type": "patchouli:text",
            "text": "$(9)$(n)基础值:$()1$(p)$(9)$(n)最大值:$()1024"
        }
    ]
}