{
    "name": "冷却伤害",
    "icon": "minecraft:blue_ice",
    "category": "apotheosis:adventure/attributes",
    "flag": "apotheosis:adventure",
    "sortnum": 0,
    "pages": [
        {
            "type": "patchouli:text",
            "text": "$(9)冷却伤害$()是对近战攻击额外魔法伤害的加成。它还根据伤害强度提供减速效果。$(p)在近战武器上找到。"
        },
        {
            "type": "patchouli:text",
            "text": "$(9)$(n)基础值:$()0$(p)$(9)$(n)最大值:$()1024$(p)"
        }
    ]
}