{
    "name": "暴击率",
    "icon": "minecraft:netherite_sword",
    "category": "apotheosis:adventure/attributes",
    "flag": "apotheosis:adventure",
    "sortnum": 0,
    "pages": [
        {
            "type": "patchouli:text",
            "text": "$(9)暴击几率$()是攻击（或箭）成为暴击的几率，与跳跃暴击叠加。超过100％的值可以让你进行多重暴击。$(p)在武器上找到。"
        },
        {
            "type": "patchouli:text",
            "text": "$(9)$(n)基础数值:$()1$(p)$(9)$(n)最大数值:$()5$(p)注:1.0的数值实际上是0％的暴击几率，但如果基础值为零，则百分比修饰符将没有效果，而固定修饰符也不能正确传达奖励。"
        }
    ]
}