{
    "name": "暴击伤害",
    "icon": "minecraft:netherite_axe",
    "category": "apotheosis:adventure/attributes",
    "flag": "apotheosis:adventure",
    "sortnum": 0,
    "pages": [
        {
            "type": "patchouli:text",
            "text": "$(9)暴击伤害$()是相对于普通攻击而言你的暴击造成的伤害数量。2的数值意味着造成2倍于正常伤害的暴击伤害.$(p)跳跃暴击在发生时也会提高此数值。$(p)在近战武器上找到。"
        },
        {
            "type": "patchouli:text",
            "text": "$(9)$(n)基础数值:$()1$(p)$(9)$(n)最大数值:$()1024$(p)"
        }
    ]
}