{
    "name": "当前生命值伤害",
    "icon": "minecraft:dragon_head",
    "category": "apotheosis:adventure/attributes",
    "flag": "apotheosis:adventure",
    "sortnum": 0,
    "pages": [
        {
            "type": "patchouli:text",
            "text": "$(9)当前生命值伤害$()是一种类型的附加伤害。每次攻击，你都会额外造成目标当前生命值的一定比例的伤害。$(p)此属性仅在重型武器上找到。"
        },
        {
            "type": "patchouli:text",
            "text": "$(9)$(n)基础数值:$()1$(p)$(9)$(n)最大数值:$()1024$(p)注:数量为1.0实际上是0％的当前生命值伤害，但如果基础值为零，则百分比修饰符将没有效果，而固定修饰符也不能正确传达奖励。"
        }
    ]
}