{
    "name": "射速",
    "icon": "minecraft:bow",
    "category": "apotheosis:adventure/attributes",
    "flag": "apotheosis:adventure",
    "sortnum": 0,
    "pages": [
        {
            "type": "patchouli:text",
            "text": "$(9)射速$()是指相对于原始速度你能多快地拉开弓或弩。1 = 100％，2 = 200％等。$(p)在弓或弩上找到。"
        },
        {
            "type": "patchouli:text",
            "text": "$(9)$(n)基础数值:$()1$(p)$(9)$(n)最大数值:$()4$(p)"
        }
    ]
}