{
    "name": "火焰伤害",
    "icon": "minecraft:blaze_powder",
    "category": "apotheosis:adventure/attributes",
    "flag": "apotheosis:adventure",
    "sortnum": 0,
    "pages": [
        {
            "type": "patchouli:text",
            "text": "$(9)火焰伤害$()是应用于近战攻击的额外魔法伤害。它还会让目标着火一段时间。更高的伤害数值可以增加火焰持续时间。$(p)在近战武器上找到。"
        },
        {
            "type": "patchouli:text",
            "text": "$(9)$(n)基础数值:$()0$(p)$(9)$(n)最大数值:$()1024$(p)"
        }
    ]
}