{
    "name": "重力",
    "icon": "minecraft:elytra",
    "category": "apotheosis:adventure/attributes",
    "flag": "apotheosis:adventure",
    "sortnum": 0,
    "pages": [
        {
            "type": "patchouli:text",
            "text": "$(9)重力$()是你下落的速度，以每秒方块数平方计算。$(p)可以在任何物品上找到或找不到，谁知道呢。"
        },
        {
            "type": "patchouli:text",
            "text": "$(9)$(n)基础数值:$()0.08$(p)$(9)$(n)最大数值:$()8$(p)注:重力可以变为负值。使用负数的重力将让你向上漂浮。"
        }
    ]
}