{
    "name": "抗击退",
    "icon": "minecraft:shulker_shell",
    "category": "apotheosis:adventure/attributes",
    "flag": "apotheosis:adventure",
    "sortnum": 0,
    "pages": [
        {
            "type": "patchouli:text",
            "text": "$(9)抗击退$()是你对攻击的击退有多么强的抵抗力。到达最大值时，你将对击退免疫。$(p)通常由盔甲或盾牌提供。"
        },
        {
            "type": "patchouli:text",
            "text": "$(9)$(n)基础数值:$()0$(p)$(9)$(n)最大数值:$()1$(p)注:提供此数值的修饰符说它们提供的是它们实际提供量的10倍，因此+1抗击退实际上是+0.1。"
        }
    ]
}