{
    "name": "攻击击退",
    "icon": "minecraft:piston",
    "category": "apotheosis:adventure/attributes",
    "flag": "apotheosis:adventure",
    "sortnum": 0,
    "pages": [
        {
            "type": "patchouli:text",
            "text": "$(9)攻击击退$()是你攻击时将敌人击退的距离。每个数值都会使被攻击的敌人后退半个方块的距离。$(p)武器和盾牌可能会提供此属性。"
        },
        {
            "type": "patchouli:text",
            "text": "$(9)$(n)基础数值:$()0$(p)$(9)$(n)最大数值:$()5$(p)注:击退附魔提供的奖励相当于此属性的奖励，但它不计入最大值上限。"
        }
    ]
}