{
    "name": "生命偷取",
    "icon": "apotheosis:textures/mob_effect/bleeding.png",
    "category": "apotheosis:adventure/attributes",
    "flag": "apotheosis:adventure",
    "sortnum": 0,
    "pages": [
        {
            "type": "patchouli:text",
            "text": "你的$(9)生命窃取$()是物理伤害造成的百分比直接加到你的生命值上的能力。$(p)通常，只有武器有这种属性。"
        },
        {
            "type": "patchouli:text",
            "text": "$(9)$(n)基础数值:$() 1$(p)$(9)$(n)最大数值:$() 1024$(p)注意:1.0的数值实际上是0%的生命窃取，但是如果基础值为零，百分比修饰符将无效，而固定修饰符无法正确传递奖励。"
        }
    ]
}