{
    "name": "幸运",
    "icon": "minecraft:rabbit_foot",
    "category": "apotheosis:adventure/attributes",
    "flag": "apotheosis:adventure",
    "sortnum": 0,
    "pages": [
        {
            "type": "patchouli:text",
            "text": "$(9)幸运$()能使你更加的幸运！也就是说，它提高了你获得更好战利品的几率。$(p)几乎所有物品都可以提供幸运属性。"
        },
        {
            "type": "patchouli:text",
            "text": "$(9)$(n)基础数值:$() 0$(p)$(9)$(n)最大数值:$() 1024$(p)注意:你也可以有负数的幸运值，意味着获得更好的战利品会更加困难。"
        }
    ]
}