{
    "name": "最大生命值",
    "icon": "minecraft:apple",
    "category": "apotheosis:adventure/attributes",
    "flag": "apotheosis:adventure",
    "sortnum": 0,
    "pages": [
        {
            "type": "patchouli:text",
            "text": "$(9)最大生命值$()控制着你的生命值点数（HP）。一个点相当于半个红心。$(p)通常由盔甲或盾牌提供。"
        },
        {
            "type": "patchouli:text",
            "text": "$(9)$(n)基础数值:$() 20$(p)$(9)$(n)最大数值:$() 1024"
        }
    ]
}