{
    "name": "挖掘速度",
    "icon": "minecraft:netherite_pickaxe",
    "category": "apotheosis:adventure/attributes",
    "flag": "apotheosis:adventure",
    "sortnum": 0,
    "pages": [
        {
            "type": "patchouli:text",
            "text": "增加你的$(9)挖掘速度$()可以提高你破坏方块的速度。在基础数值1.0的情况下，你像普通情况下一样破坏方块。$(p)可以在镐和铲上找到这个属性。"
        },
        {
            "type": "patchouli:text",
            "text": "$(9)$(n)基础数值:$() 1$(p)$(9)$(n)最大数值:$() 1024$(p)"
        }
    ]
}