{
    "name": "移动速度",
    "icon": "minecraft:leather_boots",
    "category": "apotheosis:adventure/attributes",
    "flag": "apotheosis:adventure",
    "sortnum": 0,
    "pages": [
        {
            "type": "patchouli:text",
            "text": "你的$(9)移动速度$()是你移动的速度，以每秒方块数计算。$(p)几乎所有物品都可以提供这个属性。"
        },
        {
            "type": "patchouli:text",
            "text": "$(9)$(n)基础数值:$() 0.7$(p)$(9)$(n)最大数值:$() 1024"
        }
    ]
}