{
    "name": "超量治愈",
    "icon": "minecraft:experience_bottle",
    "category": "apotheosis:adventure/attributes",
    "flag": "apotheosis:adventure",
    "sortnum": 0,
    "pages": [
        {
            "type": "patchouli:text",
            "text": "$(9)超量治愈$()表示你造成的一部分物理伤害会转化成吸收盾。与生命窃取不同，超量治愈只在你生命值已满时生效。$(p)这个属性只能在重型武器上找到。"
        },
        {
            "type": "patchouli:text",
            "text": "$(9)$(n)基础数值:$() 1$(p)$(9)$(n)最大数值:$() 1024$(p)注意:一个值为1.0实际上是0%的当前生命值伤害，但如果基础值为零，百分比修饰符将无效，而固定的修饰符不能正确传达奖励。"
        }
    ]
}