{
    "name": "穿甲",
    "icon": "apotheosis:textures/mob_effect/sundering.png",
    "category": "apotheosis:adventure/attributes",
    "flag": "apotheosis:adventure",
    "sortnum": 0,
    "pages": [
        {
            "type": "patchouli:text",
            "text": "$(9)穿甲$()指的是攻击目标时忽略的目标护甲的数量。$(p)这个属性只能在重型武器上找到。"
        },
        {
            "type": "patchouli:text",
            "text": "$(9)$(n)基础数值:$() 1$(p)$(9)$(n)最大数值:$() 1024$(p)注意:一个值为1.0实际上是0%穿刺，但如果基础值为零，百分比修饰符将无效，而固定的修饰符不能正确传达奖励。"
        }
    ]
}