{
    "name": "攻击距离",
    "icon": "minecraft:iron_pickaxe",
    "category": "apotheosis:adventure/attributes",
    "flag": "apotheosis:adventure",
    "sortnum": 0,
    "pages": [
        {
            "type": "patchouli:text",
            "text": "你的$(9)攻击距离$()是你可以攻击对象的最大距离。你能够攻击到一个对象时，你可以与它互动，或者如果它是方块，你可以破坏它。$(p)通常只在能破坏方块的工具上找到，因为它对武器没有用。"
        },
        {
            "type": "patchouli:text",
            "text": "$(9)$(n)基础数值:$() 4.5$(p)$(9)$(n)最大数值:$() 1024$(p)"
        }
    ]
}