{
    "name": "行走高度",
    "icon": "minecraft:iron_boots",
    "category": "apotheosis:adventure/attributes",
    "flag": "apotheosis:adventure",
    "sortnum": 0,
    "pages": [
        {
            "type": "patchouli:text",
            "text": "步行高度$(9)Step Height$()可以改变你可以自动行走上升的高度。$(p)只有在靴子上找到。"
        },
        {
            "type": "patchouli:text",
            "text": "$(9)$(n)基础值:$() 0$(p)$(9)$(n)最大值:$() 512$(p)注意:这个值不是你的总步高，而是加到你天生的0.5上的值。"
        }
    ]
}