{
    "name": "游泳速度",
    "icon": "minecraft:kelp",
    "category": "apotheosis:adventure/attributes",
    "flag": "apotheosis:adventure",
    "sortnum": 0,
    "pages": [
        {
            "type": "patchouli:text",
            "text": "$(9)游泳速度$() 是对你实际游泳速度的修饰，基于你的移动速度。如果你的游泳速度为2.0，那么你就会游泳得两倍快。$(p)只能在靴子上找到。"
        },
        {
            "type": "patchouli:text",
            "text": "$(9)$(n)基础数值:$() 1$(p)$(9)$(n)最大数值:$() 1024$(p)"
        }
    ]
}