{
    "category": "bewitchment:creatures",
    "name": "贝尔芝巴",
    "icon": "besmirchment:beelzebub_spawn_egg",
    "advancement": "bewitchment:hidden_unlocks/demon_heart",
    "flag": "bsm_beelzebub",
    "extra_recipe_mappings": {
        "besmirchment:scroll_of_torment": 2
    },
    "entry_color": "C15600",
    "pages": [
        {
            "type": "text",
            "text": "贝尔芝巴，来自淤泥坑的第一人，是$(l:besmirchment:creatures/werepyre)Werepyres$()的守护者。$(br)他们可以$(l:bewitchment:tools/grotesque_stew) Pledged$()，从而完全控制$(l:bewitchment:curses/conducting_curses) Curse$()。$(br)您还可以向贝尔芝巴提供$(l:bewitchment:introduction/crops)大蒜面包$()，以消除Werepyrism。$(br2)本条目将概述召唤贝尔芝巴。"
        },
        {
            "type": "entity",
            "entity": "besmirchment:beelzebub",
            "offset": 0.2
        },
        {
            "type": "spotlight",
            "item": "besmirchment:scroll_of_torment",
            "title": "召唤贝尔芝巴",
            "text": "要召唤贝尔芝巴，您需要获得$(item)Scroll of Torment$()。$(br)在夜晚使用此卷轴对猪施法。为此，您需要占用大部分$(l:bewitchment:introduction/altars) ME$()，并希望为接下来会发生的事情穿上$(l:bewitchment:tools/besmirched_armor)Besmirched Armor$()。"
        },
        {
            "type": "crafting",
            "recipe": "besmirchment:scroll_of_torment",
            "text": "此位置的灵活性很大，因此选择明智。您需要让贝尔芝巴待在周围。"
        }
    ]
}