{
    "category": "bewitchment:creatures",
    "name": "非传统的熟人",
    "icon": "minecraft:villager_spawn_egg",
    "flag": "bsm_universal_familiars",
    "entry_color": "C15600",
    "advancement": "bewitchment:hidden_unlocks/demon_heart",
    "pages": [
        {
            "type": "text",
            "text": "通过使用$(l:besmirchment:brewing/love)爱情药水$()并施展$(l:bewitchment:rituals/binding)约束仪式$()，可以获得一些非常不寻常的使魔。$(br)这些使魔通常不会给予任何对巫术有所助益的特殊能力，但它们会提供一些好处。"
        },
        {
            "type": "text",
            "text": "这种被强制的熟人通常不会服从其主人的意愿。一般来说，强迫任何东西成为熟人都是一个可怕的想法，你真的不应该这么做。$(br)尽管如此，这里列出了一些与常规不同的熟人。"
        },
        {
            "type": "entity",
            "entity": "minecraft:villager",
            "text": "与村民绑定将会进行异教婚姻。"
        },
        {
            "type": "text",
            "text": "这是一个非常仪式化的行为，所以确保你穿着得体！$(br)当与一个村民结婚时，其他村民几乎不会对你产生不良印象。大部分的声誉损失都会大大降低，这样你就更容易受到欢迎。"
        },
        {
            "type": "entity",
            "entity": "minecraft:chicken",
            "scale": 0.6,
            "text": "与鸡绑定可以让你下蛋并在潜行时缓慢下落。"
        },
        {
            "type": "entity",
            "entity": "minecraft:pig",
            "scale": 0.6,
            "text": "与猪使魔绑定后，食物效果会加倍。你还会掉落$(item)猪排$()。"
        },
        {
            "type": "entity",
            "entity": "minecraft:sheep",
            "scale": 0.6,
            "text": "与羊使魔绑定后，你可以按$(k:besmirchment.familiar_ability)来吃草当你饿了。"
        },
        {
            "type": "entity",
            "entity": "minecraft:parrot",
            "scale": 0.6,
            "text": "鹦鹉女巫可以使用他们的主动魔法能力来扮演另一个玩家的身份。"
        },
        {
            "type": "entity",
            "entity": "minecraft:cow",
            "scale": 0.6,
            "text": "握着一个$(item)空桶$()按下$(k:besmirchment.familiar_ability)键，发现这个神奇的使魔有什么用！"
        },
        {
            "type": "entity",
            "entity": "minecraft:llama",
            "scale": 0.6,
            "text": "与羊驼使魔绑定后，你可以吐口水，将所有负面药水效果传递给目标。"
        }
    ]
}