{
    "category": "bewitchment:creatures",
    "name": "狼人吸血鬼",
    "icon": "besmirchment:werepyre_spawn_egg",
    "entry_color": "C15600",
    "flag": "bsm_werepyres_spawn",
    "pages": [
        {
            "type": "text",
            "text": "这种可怕的生物是$(l:bewitchment:creatures/vampire)吸血鬼$()和$(l:bewitchment:creatures/werewolf)狼人$()的恶果。它们会在针叶林、冰雪生态区和森林中出现。$(br)由于它们的大小，尽管有翅膀，它们不能自由飞行，但它们可以利用它们的翅膀向它们的猎物（通常是人类）扑去。$(br)狼人吸血鬼只会在满月时出现，并在早晨晨光出现时恢复正常人形。"
        },
        {
            "type": "entity",
            "entity": "besmirchment:werepyre",
            "offset": 0.1
        }
    ]
}