{
    "name": "法力基础",
    "icon": "minecraft:lapis_lazuli",
    "category": "archon:mana",
    "sortnum": 0,
    "pages": [
        {
            "type": "patchouli:text",
            "text": "你可能已经注意到屏幕左下角的计数器了。该计数器表示你的法力和最大法力值。法力会流经所有的生命体，玩家可以用它来做不同的事情。"
        },
        {
            "type": "patchouli:text",
            "text": "法力基础生成率是$(#2895CB)每秒1点$()。你可以使用不同的物品，例如$(l:archon:mana/scrolls)卷轴$()来升级法力恢复速度和法力上限。"
        }
    ]
}