{
    "name": "Channeler",
    "icon": "archon:channeler",
    "category": "archon:mana",
    "sortnum": 1,
    "pages": [
        {
            "type": "patchouli:spotlight",
            "item": "archon:channeler",
            "text": "Channeler是一种核心物品，允许你将法力注入方块中，从而产生特定物品。不同的配方需要不同的法力，并且产生的物品用途不同。为了查看所有的通道配方，建议使用REI。"
        },
        {
            "type": "patchouli:crafting",
            "recipe": "archon:channeler"
        }
    ]
}