{
    "name": "力量面具",
    "icon": "archon:mask_of_power",
    "category": "archon:mana",
    "sortnum": 3,
    "pages": [
        {
            "type": "patchouli:spotlight",
            "item": "archon:mask_of_power",
            "text": "力量面具是一种钻石级头盔，可以将用户的法力恢复速度提高到$(#2895CB)每秒4点$()。力量面具不能与加速卷轴结合使用。"
        },
        {
            "type": "patchouli:crafting",
            "recipe": "archon:mask_of_power"
        }
    ]
}