{
    "name": "古老卷轴",
    "icon": "archon:accelerate_scroll",
    "category": "archon:mana",
    "sortnum": 2,
    "pages": [
        {
            "type": "patchouli:text",
            "text": "古老卷轴是一种特殊物品，使用时可以提供玩家特定的法力增强。请注意，你一次只能绑定$(#2895CB)1个卷轴$()，所以要小心选择！"
        },
        {
            "type": "patchouli:spotlight",
            "item": "archon:capacity_scroll",
            "text": "容量卷轴可以从$(l:archon:world/wizard)Wizard$()村民或$(l:archon:world/spires)Spires$()那里获取，它会将玩家的$(#2895CB)最大法力增加至200点$()。"
        },
        {
            "type": "patchouli:spotlight",
            "item": "archon:accelerate_scroll",
            "text": "加速卷轴可以从$(l:archon:world/wizard)巫师$()村民或$(l:archon:world/spires)尖塔$()进行交易，它将使玩家的法力恢复速度提高到$(#2895CB)每秒2法力$()。"
        },
        {
            "type": "patchouli:spotlight",
            "item": "archon:removal_scroll",
            "text": "可通过从$(l:archon:world/spires)尖塔$()获得铲除之卷轴。这将取消玩家目前应用的卷轴。"
        }
    ]
}