{
    "name": "永恒仪式",
    "icon": "betterend:eternal_pedestal",
    "read_by_default": true,
    "category": "betterend:rituals",
    "pages": [
        {
            "type": "text",
            "text": "“返回至下界的一种不那么简单的方法。“$(br2)在环游末影世界时，你可以发现古老的遗迹。"
        },
        {
            "type": "image",
            "text": "那里有一架损坏（或没有的）$(bold)雕文鸟卵石$()框架和周围的六个基座。",
            "border": false,
            "images": [
                "betterend:textures/images/eternal_ritual/portal_structure.png"
            ]
        },
        {
            "type": "text",
            "text": "这些是曾经连接末影世界和下界世界的壮丽传送门的残骸。$(br2)要激活传送门，您需要恢复框架（如果损坏）。"
        },
        {
            "type": "image",
            "text": "并将6个$(bold)永恒水晶$()放在基座上。",
            "border": false,
            "images": [
                "betterend:textures/images/eternal_ritual/portal_frame_full.png"
            ]
        },
        {
            "type": "image",
            "text": "当你放置最后一个水晶时，传送门就会被激活。",
            "border": false,
            "images": [
                "betterend:textures/images/eternal_ritual/ritual_finished.png"
            ]
        },
        {
            "type": "text",
            "text": "$(bold)雕文鸟卵石$()(恢复框架)和$(bold)永恒水晶$()可以通过$(l:rituals/infusion_ritual)注入仪式$(/l)获得。"
        }
    ]
}