{
    "name": "注入仪式",
    "icon": "betterend:infusion_pedestal",
    "read_by_default": true,
    "category": "betterend:rituals",
    "pages": [
        {
            "type": "text",
            "text": "为物品注入元素的力量。"
        },
        {
            "type": "crafting",
            "title": "准备结构",
            "text": "首先，需要制作$(bold)注入基座$()和8个$(bold)任意$()类型的基座。",
            "recipe": "betterend:infusion_pedestal"
        },
        {
            "type": "image",
            "text": "然后需要将注入基座放在中心位置，其他基座则放置在周围。",
            "border": true,
            "images": [
                "betterend:textures/images/infusion_ritual/infusion_ritual_start.png",
                "betterend:textures/images/infusion_ritual/infusion_ritual_full.png"
            ]
        },
        {
            "type": "image",
            "title": "注入",
            "text": "当仪式结构准备好时，您可以开始注入。",
            "border": false,
            "images": [
                "betterend:textures/images/infusion_ritual/ritual_structure.png"
            ]
        },
        {
            "type": "image",
            "text": "将主要成分放入$(bold)灌注基座$()，催化剂放在其他位置。",
            "border": false,
            "images": [
                "betterend:textures/images/infusion_ritual/ritual_ready.png"
            ]
        },
        {
            "type": "text",
            "text": "您可以在$(l:https://www.curseforge.com/minecraft/mc-mods/roughly-enough-items)REI$(/l)中查看配方。$(br2)要开始灌注，只需将主要成分放在最后或右键单击$(bold)灌注基座$()。"
        },
        {
            "type": "image",
            "text": "然后你需要等待仪式完成。",
            "border": false,
            "images": [
                "betterend:textures/images/infusion_ritual/ritual_started.png"
            ]
        },
        {
            "type": "image",
            "text": "然后取出产物。",
            "border": false,
            "images": [
                "betterend:textures/images/infusion_ritual/ritual_finished.png"
            ]
        }
    ]
}