{
    "name": "魔药护符",
    "icon": "apotheosis:potion_charm",
    "category": "apotheosis:potion/charms",
    "flag": "apotheosis:potion",
    "sortnum": -1,
    "pages": [
        {
            "type": "patchouli:text",
            "text": "$(9)魔药护符$()是一种全新的物品，可以让你更好地利用魔药。$(p)普通的魔药需要你一次性饮用，而魔药护符则可以让你分次使用。"
        },
        {
            "type": "patchouli:crafting",
            "recipe": "apotheosis:potion_charm",
            "title": "魔药护符制作",
            "text": "一个护符由三个相同种类的魔药和一些烈焰粉制成。$(p)一个护符的使用寿命比三个魔药加起来的总使用寿命还长。"
        },
        {
            "type": "patchouli:text",
            "title": "使用魔药护符",
            "text": "$(9)魔药护符$()只有在启动时才会生效。$(p)将其在手中右键点击即可使用。$(p)一个启用的护符会开始发光。"
        },
        {
            "type": "patchouli:text",
            "text": "只要护符启用并在你的背包中，它就会将魔药效果应用于你并消耗耐久。$(p)护符一次只能应用几秒钟的魔药效果。$(p)当护符耐久用尽时，护符就会损坏。"
        }
    ]
}