{
    "name": "不可破坏的护符",
    "icon": "minecraft:enchanting_table",
    "category": "apotheosis:potion/charms",
    "flag": "&apotheosis:potion,apotheosis:enchanting",
    "sortnum": -1,
    "pages": [
        {
            "type": "patchouli:text",
            "text": "通过$(l:apotheosis:enchanting/table/infusion)注魔附魔，可以让护符变得不可破坏。$(p)这意味着你可以拥有任何魔药效果的无限时间。"
        },
        {
            "type": "patchouli:text",
            "text": "不可破坏的护符的注魔配方非常困难。$(p)您需要熟知$(l:apotheosis:enchanting/table/stats)注魔属性$()来完成它。"
        }
    ]
}