{
    "name": "Allthemodium矿石",
    "icon": "allthemodium:allthemodium_ore",
    "category": "allthemodium:ore",
    "sortnum": 1,
    "pages": [
        {
            "type": "spotlight",
            "item": "allthemodium:allthemodium_ore",
            "title": "Allthemodium矿石",
            "link_recipe": false,
            "text": "Allthemodium矿石会在深暗生物群系的山洞墙壁和天花板中生成，并且在高于170Y的山区也很常见。同时，它也会在采矿维度的Y-59至Y20之间的任何地方生成，以及在Other Dimension的深层次地带中生成。"
        }
    ]
}