{
    "name": "振金矿石",
    "icon": "allthemodium:vibranium_ore",
    "category": "allthemodium:ore",
    "sortnum": 2,
    "pages": [
        {
            "type": "spotlight",
            "item": "allthemodium:vibranium_ore",
            "title": "振金矿石",
            "link_recipe": false,
            "text": "振金矿石可以在地狱的朱红森林和诡异森林生物群系中生成，位置在Y107-113之间。它还在Other Dimension的深处地下找到，通常非常接近猪灵村庄。"
        }
    ]
}