{
    "name": "魔法浆果丛",
    "icon": "archon:textures/block/mana_berry_bush_stage3.png",
    "category": "archon:world",
    "sortnum": 1,
    "pages": [
        {
            "type": "patchouli:text",
            "text": "魔法浆果灌木丛在针叶林生态区域以大型群落形式自动生成，类似于甜浆果。在最大生长期时收获，会掉落2-3个魔法浆果。"
        },
        {
            "type": "patchouli:spotlight",
            "item": "archon:mana_berries",
            "text": "魔法浆果是一种食物物品，提供0.1饱食度和2饥饿度。食用后还会恢复10法力值。"
        }
    ]
}