{
    "name": "魔法节点",
    "icon": "archon:end_node",
    "category": "archon:world",
    "sortnum": 0,
    "pages": [
        {
            "type": "patchouli:spotlight",
            "item": "archon:earth_node",
            "text": "地之节点矿脉会在主世界的地下 -64到0的y坐标之间生成（可配置），它们会掉落1个地之宝石。"
        },
        {
            "type": "patchouli:spotlight",
            "item": "archon:water_node",
            "text": "水之节点矿脉会在海洋生物群系的地下 27到40的y坐标之间生成（可配置），它们会掉落1个水之宝石。"
        },
        {
            "type": "patchouli:spotlight",
            "item": "archon:fire_node",
            "text": "火之节点矿脉会在下界的10到117的y坐标之间生成（可配置），它们会掉落1个火之宝石。"
        },
        {
            "type": "patchouli:spotlight",
            "item": "archon:end_node",
            "text": "末地之节点矿脉会在末地的所有岛屿内生成，它们会掉落1个末地宝石。"
        },
        {
            "type": "patchouli:spotlight",
            "item": "archon:sky_node",
            "text": "空气之节点矿脉会在主世界的小云层中生成。云层高度在y坐标192和196之间。这些矿脉会掉落1个空气宝石，也含有一些铁块。"
        }
    ]
}