{
    "name": "尖塔",
    "icon": "minecraft:deepslate_bricks",
    "category": "archon:world",
    "sortnum": 2,
    "pages": [
        {
            "type": "patchouli:text",
            "text": "尖塔会在森林和山地生态区的更高处生成。这些结构中包含有 $(l:archon:mana/scrolls)卷轴$() 、glisteel锭、面包和青金石等战利品。在天花板上还将生成一些 $(l:archon:misc/mana_leech)法力吸取者$()。"
        },
        {
            "type": "patchouli:image",
            "images": [
                "archon:textures/gui/book/spire.png"
            ],
            "title": "尖塔",
            "border": true
        }
    ]
}