{
    "name": "巫师村民",
    "icon": "archon:magical_bookshelf",
    "category": "archon:world",
    "sortnum": 3,
    "pages": [
        {
            "type": "patchouli:text",
            "text": "巫师村民是一种新型村民职业。你可以在村庄中找到他们的房子，或使用魔法书架将村民分配到该职业。他们的交易包括 $(l:archon:mana/scrolls)卷轴$()、制作物品和 $(l:archon:effects_enchants/arcane)奥术$() 附魔。"
        },
        {
            "type": "patchouli:image",
            "images": [
                "archon:textures/gui/book/wizard.png"
            ],
            "border": true
        },
        {
            "type": "patchouli:crafting",
            "recipe": "archon:magical_bookshelf"
        }
    ]
}