{
    "category": "bewitchment:curses",
    "name": "冷漠",
    "icon": "minecraft:soul_lantern",
    "advancement": "bewitchment:hidden_unlocks/demon_heart",
    "pages": [
        {
            "type": "patchouli:text",
            "text": "冷漠使灵魂枯萎，导致无法获得$(l:bewitchment:introduction/altars)魔力$()。村民和$(l:bewitchment:creatures/demon)恶魔$()将拒绝交易，动物将逃离这种强大的$(l:bewitchment:curses/conducting_curses)诅咒$()的受害者。"
        },
        {
            "type": "bewitchment:curse",
            "recipe": "bewitchment:curses/apathy",
            "text": "这是一种$(l:bewitchment:curses/conducting_curses)大型诅咒$()；稍微难以处理。"
        }
    ]
}