{
    "category": "bewitchment:curses",
    "name": "恐蛛症",
    "icon": "minecraft:spider_eye",
    "advancement": "minecraft:nether/find_fortress",
    "pages": [
        {
            "type": "patchouli:text",
            "text": "通过魔法和随机的无性繁殖，这个$(l:bewitchment:curses/conducting_curses)诅咒$()会引起对蜘蛛的巨大恐惧，这种恐惧甚至可能会延续整个$(l:bewitchment:curses/conducting_curses)诅咒$()的持续时间。"
        },
        {
            "type": "bewitchment:curse",
            "recipe": "bewitchment:curses/arachnophobia"
        }
    ]
}