{
    "category": "bewitchment:curses",
    "name": "蚯蚓军团",
    "icon": "minecraft:poisonous_potato",
    "advancement": "minecraft:nether/find_fortress",
    "pages": [
        {
            "type": "patchouli:text",
            "text": "这个$(l:bewitchment:curses/conducting_curses)诅咒$()通过召唤蚯蚓来干扰目标。被诅咒者周围的作物都会生长缓慢。"
        },
        {
            "type": "bewitchment:curse",
            "recipe": "bewitchment:curses/army_of_worms"
        }
    ]
}