{
    "category": "bewitchment:curses",
    "name": "受损",
    "icon": "minecraft:textures/mob_effect/weakness.png",
    "advancement": "minecraft:nether/find_fortress",
    "pages": [
        {
            "type": "patchouli:text",
            "text": "这个$(l:bewitchment:curses/conducting_curses)诅咒$()会影响目标的血脉，让它们受到更强的负面影响。"
        },
        {
            "type": "bewitchment:curse",
            "recipe": "bewitchment:curses/compromised"
        }
    ]
}