{
    "category": "bewitchment:curses",
    "name": "诅咒施放",
    "priority": true,
    "icon": "bewitchment:brazier",
    "advancement": "minecraft:nether/find_fortress",
    "pages": [
        {
            "type": "patchouli:text",
            "text": "$(l:bewitchment:tools/brazier)烧香炉$()可以施放恶毒的$(l:bewitchment:curses)诅咒$()。$(br2)要施放有效的诅咒，需要使用目标的$(l:bewitchment:tools/taglock)标记$()，并将其放入$(l:bewitchment:tools/brazier)烧香炉$()中烧。在加入其他材料后，用打火石和钢将$(l:bewitchment:tools/brazier)烧香炉$()点燃，就可以施放诅咒了。"
        },
        {
            "type": "patchouli:text",
            "text": "诅咒效果会在七天后消失，也可以使用相应的仪式$(l:bewitchment:rituals/cleansing)净化$()它们。$(br2)请注意，所有的诅咒至少需要400个$(l:bewitchment:introduction/altars)魔力点$()；更强的诅咒需要800个$(l:bewitchment:introduction/altars)魔力点$()。"
        }
    ]
}