{
    "category": "bewitchment:curses",
    "name": "森林之怒",
    "icon": "minecraft:oak_sapling",
    "advancement": "minecraft:nether/find_fortress",
    "pages": [
        {
            "type": "patchouli:text",
            "text": "这个$(l:bewitchment:curses/conducting_curses)诅咒$()将大自然的愤怒反弹给人类，导致被诅咒者遭受同样的痛苦。火焰和斧头会对目标造成双倍伤害。"
        },
        {
            "type": "bewitchment:curse",
            "recipe": "bewitchment:curses/forests_wrath"
        }
    ]
}