{
    "category": "bewitchment:curses",
    "name": "疯狂",
    "icon": "minecraft:red_mushroom",
    "advancement": "bewitchment:hidden_unlocks/demon_heart",
    "pages": [
        {
            "type": "patchouli:text",
            "text": "这个$(l:bewitchment:curses/conducting_curses)诅咒$()堕落了目标的意识，让受影响的人看到不存在的怪物。$(br2)虽然无法攻击它们，但这并不适用于幻觉。"
        },
        {
            "type": "bewitchment:curse",
            "recipe": "bewitchment:curses/insanity",
            "text": "这是一个$(l:bewitchment:curses/conducting_curses)强大的诅咒$()；消除起来略微困难。"
        }
    ]
}