{
    "category": "bewitchment:curses",
    "name": "狼人病",
    "icon": "bewitchment:aconite",
    "advancement": "bewitchment:hidden_unlocks/demon_heart",
    "pages": [
        {
            "type": "patchouli:text",
            "text": "狼人病是一种狂野的疾病，它在身体、心灵和灵魂上留下疤痕。在月圆之夜，其受害者会变成渴望新鲜肉类的$(l:bewitchment:creatures/werewolf)狼人$()。$(br2)在兽形态下身体强壮，但是$(l:bewitchment:introduction/silver)银$()和$(l:bewitchment:introduction/crops)半夜花$()会对其造成伤害。无论其形态如何，$(l:bewitchment:creatures/werewolf)狼人$()也只吃肉。"
        },
        {
            "type": "patchouli:text",
            "text": "不幸"
        }
    ]
}