{
    "category": "bewitchment:curses",
    "name": "不幸",
    "icon": "minecraft:clay_ball",
    "advancement": "minecraft:nether/find_fortress",
    "pages": [
        {
            "type": "patchouli:text",
            "text": "经典诅咒（$(l:bewitchment:curses/conducting_curses)Curse$()）会偶尔施加恶毒的影响，包括但不限于中毒、虚弱、失明和恶心。"
        },
        {
            "type": "bewitchment:curse",
            "recipe": "bewitchment:curses/misfortune"
        }
    ]
}