{
    "category": "bewitchment:curses",
    "name": "愤怒诅咒（Outrage）",
    "icon": "minecraft:sweet_berries",
    "advancement": "minecraft:nether/find_fortress",
    "pages": [
        {
            "type": "patchouli:text",
            "text": "这个诅咒（$(l:bewitchment:curses/conducting_curses)Curse$()）会让通常中立的生物，例如末影人或僵尸猪灵，对目标产生攻击性。"
        },
        {
            "type": "bewitchment:curse",
            "recipe": "bewitchment:curses/outrage"
        }
    ]
}