{
    "category": "bewitchment:curses",
    "name": "日光仇恨（Solar Hatred）",
    "icon": "minecraft:sunflower",
    "advancement": "minecraft:nether/find_fortress",
    "pages": [
        {
            "type": "patchouli:text",
            "text": "通过削弱目标的皮肤，这个诅咒（$(l:bewitchment:curses/conducting_curses)Curse$()）会使目标对阳光非常敏感，甚至可能导致它们被点燃。"
        },
        {
            "type": "bewitchment:curse",
            "recipe": "bewitchment:curses/solar_hatred"
        }
    ]
}