{
    "category": "bewitchment:curses",
    "name": "脆弱诅咒（Susceptibility）",
    "icon": "minecraft:rotten_flesh",
    "advancement": "bewitchment:hidden_unlocks/demon_heart",
    "pages": [
        {
            "type": "patchouli:text",
            "text": "这个诅咒（$(l:bewitchment:curses/conducting_curses)Curse$()）会削弱身体，使目标对魔法伤害的承受能力减半，并使它们难以移动。传言这个诅咒甚至会导致更糟糕的命运，例如$(l:bewitchment:curses/vampirism)Vampirism$()和$(l:bewitchment:curses/lycanthropy)Lycanthropy$()。"
        },
        {
            "type": "bewitchment:curse",
            "recipe": "bewitchment:curses/susceptibility",
            "text": "这是一个$(l:bewitchment:curses/conducting_curses)Greater Curse$()，更难消除。"
        }
    ]
}