{
    "category": "bewitchment:curses",
    "name": "厄运诅咒（Unlucky）",
    "icon": "minecraft:textures/mob_effect/unluck.png",
    "advancement": "minecraft:nether/find_fortress",
    "pages": [
        {
            "type": "patchouli:text",
            "text": "$(l:bewitchment:tools/crystal_ball)Fortune$()对这个诅咒（$(l:bewitchment:curses/conducting_curses)Curse$()）的受害者没有偏爱，这也意味着有益的状态效果可能无法生效。"
        },
        {
            "type": "bewitchment:curse",
            "recipe": "bewitchment:curses/unlucky"
        }
    ]
}