{
    "category": "bewitchment:curses",
    "name": "吸血鬼诅咒（Vampirism）",
    "icon": "bewitchment:bottle_of_blood",
    "advancement": "bewitchment:hidden_unlocks/demon_heart",
    "pages": [
        {
            "type": "patchouli:text",
            "text": "吸血鬼诅咒（$(l:bewitchment:curses/conducting_curses)Curse$()）被认为是致命的。$(l:bewitchment:creatures/vampire)Vampires$()是技术上不会死亡的，尽管他们的不朽依赖于人类的血液；没有它，他们会死亡。吸血鬼有额外的移动速度和攻击伤害加成，并且对$(l:bewitchment:introduction/silver)Silver$()和$(l:bewitchment:introduction/crops)Garlic$()很弱。"
        },
        {
            "type": "patchouli:text",
            "text": "吸血鬼诅咒不能用$(l:bewitchment:tools/brazier)Brazier$()施加；相反，它必须从另一个$(l:bewitchment:creatures/vampire)Vampire$()处获得。要感染这个诅咒，必须处于$(l:bewitchment:curses/conducting_curses)Curse$()的$(l:bewitchment:curses/susceptibility)Susceptibility$()之下，并被$(l:bewitchment:creatures/vampire)Vampire$()杀死...但是可以使用$(l:bewitchment:poppets/death_protection)Still Survive$()。为什么你会需要这个诅咒？这个...(o)"
        }
    ]
}