{
    "category": "bewitchment:curses",
    "name": "弱肺诅咒（Weak Lungs）",
    "icon": "minecraft:gunpowder",
    "advancement": "minecraft:nether/find_fortress",
    "pages": [
        {
            "type": "patchouli:text",
            "text": "这个诅咒（$(l:bewitchment:curses/conducting_curses)Curse$()）的受害者呼吸困难。在水下时，它们会立即开始窒息。"
        },
        {
            "type": "bewitchment:curse",
            "recipe": "bewitchment:curses/weak_lungs"
        }
    ]
}