{
    "name": "消灭",
    "icon": "minecraft:enchanted_book",
    "category": "apotheosis:enchanting/anvil",
    "flag": "apotheosis:enchanting",
    "sortnum": 0,
    "pages": [
        {
            "type": "patchouli:text",
            "text": "$(9)消灭$() 是另一种全新的砧独有附魔。$(p)一个消灭砧可以将一本具有恰好一个附魔的附魔书转换为两本附魔书，每本降低一个等级。"
        },
        {
            "type": "patchouli:text",
            "text": "要使用消灭砧，将一本附魔书扔进世界中，然后将砧子放置在书上方。$(p)如果一本具有削弱 III 的书被消灭，它将变成两本具有削弱 II 的书。"
        }
    ]
}