{
    "name": "分裂",
    "icon": "minecraft:enchanted_book",
    "category": "apotheosis:enchanting/anvil",
    "flag": "apotheosis:enchanting",
    "sortnum": -1,
    "pages": [
        {
            "type": "patchouli:text",
            "text": "$(9)分裂$()是一个全新的铁砧专属魔咒。$(p)分裂铁砧可将多个附魔书上的附魔拆分成一系列单独的附魔书。"
        },
        {
            "type": "patchouli:text",
            "text": "使用分裂砧台，将一本附魔书扔进世界中，并将砧台放置在书上方.$(p)一个拥有锋利 III 和掠夺 II 附魔的书被分裂后，将变成两本书，一本拥有锋利 III 附魔，另一本拥有掠夺 II 附魔。"
        }
    ]
}