{
    "name": "末影自动核心",
    "icon": "advancedperipherals:end_automata_core",
    "category": "advancedperipherals:metaphysics",
    "advancement": "advancedperipherals:weak_automata_core",
    "pages": [
        {
            "type": "spotlight",
            "title": "末影自动核心",
            "item": "advancedperipherals:end_automata_core",
            "text": "消耗10个末影人后，弱化自动机核心将转化为末影自动机核心！$(p)除了成为更强大的弱化自动机核心变种，这个灵魂似乎也为乌龟本身提供了一些有限的传送能力。"
        },
        {
            "type": "link",
            "text": "除了弱化自动机核心的能力，这个灵魂还允许有限的世界边界传送。看起来，你需要储存点并传送到它们！$(p)但要注意，在乌龟被摧毁后，任何储存的点都将丢失。",
            "url": "https://docs.intelligence-modding.de/metaphysics/end_automata/",
            "link_text": "API documentation"
        }
    ]
}