{
    "name": "冷却时间和燃料",
    "icon": "minecraft:coal",
    "category": "advancedperipherals:metaphysics",
    "advancement": "advancedperipherals:weak_automata_core",
    "priority": true,
    "pages": [
        {
            "type": "text",
            "text": "所有改变世界的操作都会消耗海龟燃料（当然，如果你没有在CC:Tweaked配置中禁用燃料使用的话）。$(p)此外，大多数这些操作都有冷却时间，因此你应该在你的代码中考虑这一点。幸运的是，每个活动的冷却时间都可以通过外围方法接收到。"
        },
        {
            "type": "text",
            "text": "你认为冷却时间太长了？这时燃料消耗速率就派上用场了！$(p)较大的燃料消耗速率将缩短冷却时间，但显然会增加燃料消耗量。例如，如果点击操作需要消耗1燃料点以执行，并且有5秒的冷却时间，则使用燃料消耗为2的话，你可以在2.5秒内执行一次点击操作，但代价是2燃料点。"
        },
        {
            "type": "text",
            "text": "然而，燃料消耗速率并不是那么简单！每个自动机核心都有最大燃料消耗限制，可以通过$(l)getConfiguration$()方法检索到。$(p)此外，燃料点的增长速度将比冷却时间降低速度更快。燃料消耗为3将需要4个燃料点，燃料消耗为4将需要8个燃料点，依此类推。"
        }
    ]
}