{
    "name": "畜牧业自动机内核",
    "icon": "advancedperipherals:husbandry_automata_core",
    "category": "advancedperipherals:metaphysics",
    "advancement": "advancedperipherals:weak_automata_core",
    "pages": [
        {
            "type": "spotlight",
            "title": "畜牧业自动机内核",
            "item": "advancedperipherals:husbandry_automata_core",
            "text": "消耗3只鸡，3头牛，3只绵羊后，弱自动机核心将转化为畜牧业自动机核心！$(p)除了作为更强大的弱自动机核心变体外，这个灵魂似乎还提供了与动物互动的能力！"
        },
        {
            "type": "link",
            "text": "除了弱自动机内核的基础能力外，这个内核还允许与动物互动，甚至将它们转移！$(p)但要注意，任何存储的动物在海龟被破坏后都会丢失。",
            "url": "https://docs.intelligence-modding.de/metaphysics/husbandry_automata/",
            "link_text": "API documentation"
        }
    ]
}