{
    "name": "超能力自动机核心",
    "icon": "advancedperipherals:overpowered_weak_automata_core",
    "category": "advancedperipherals:metaphysics",
    "advancement": "advancedperipherals:weak_automata_core",
    "pages": [
        {
            "type": "spotlight",
            "title": "弱自动机核心的超级增强版",
            "item": "advancedperipherals:overpowered_weak_automata_core",
            "text": "这是你尝试绕过形而上学规则的首次尝试。嗯，并不像你希望的那样成功。$(p)任意自动机内核与下界之星的天真组合导致了某种结果..."
        },
        {
            "type": "crafting",
            "recipe": "advancedperipherals:overpowered_weak_automata_core",
            "recipe2": "advancedperipherals:overpowered_end_automata_core"
        },
        {
            "type": "link",
            "text": "自动机核心的超级增强版不会在使用时消耗物品耐久度。$(p)但一切都有代价。如果你尝试使用这个内核进行任何操作时燃料不足，升级将立即损坏。",
            "url": "https://docs.intelligence-modding.de/metaphysics/overpowered_automata/",
            "link_text": "API documentation"
        }
    ]
}