{
    "name": "弱自动机内核",
    "icon": "advancedperipherals:weak_automata_core",
    "category": "advancedperipherals:metaphysics",
    "pages": [
        {
            "type": "spotlight",
            "title": "弱自动机内核",
            "item": "advancedperipherals:weak_automata_core",
            "text": "弱自动机内核是一种海龟升级工具，可以将海龟变成强大的自动机！"
        },
        {
            "type": "crafting",
            "recipe": "advancedperipherals:weak_automata_core"
        },
        {
            "type": "link",
            "text": "它为海龟提供了几种能力。$(li)使用工具挖掘方块;$(li)用物品或空手点击方块;$(li)吸取周围的物品，所有或特定的;$(li)检测周围的物品;$(li)在视线范围内检测方块或海龟;$(li)给充电RF物品中的海龟充电",
            "url": "https://docs.intelligence-modding.de/metaphysics/weak_automata/",
            "link_text": "API documentation"
        },
        {
            "type": "text",
            "text": "但是弱核只是形而上学研究的开端！这是一个空结构，可以接受怪物灵魂碎片。看来，你需要尝试喂养不同的生物来获得高级变种。$(li)$(l:metaphysics/end_automata_core)终末自动化核心$(li)$(l:metaphysics/husbandry_automata_core)畜牧自动化核心"
        }
    ]
}