{
    "name": "大地",
    "icon": "archon:earth_gem",
    "category": "archon:weapons",
    "sortnum": 2,
    "pages": [
        {
            "type": "patchouli:spotlight",
            "item": "archon:terrain_mace",
            "text": "地形权杖允许你在周围发射并伤害活生物。它不会伤害你驯服的生物。"
        },
        {
            "type": "patchouli:crafting",
            "recipe": "archon:terrain_mace"
        },
        {
            "type": "patchouli:spotlight",
            "anchor": "fist",
            "item": "archon:fist_of_fury",
            "text": "狂怒拳套是一种快速攻击的手套物品。它的特殊能力将使持有者获得$(l:archon:effects_enchants/rage)狂怒$()效果，持续5秒。"
        },
        {
            "type": "patchouli:crafting",
            "recipe": "archon:fist_of_fury"
        },
        {
            "type": "patchouli:spotlight",
            "anchor": "terranean",
            "item": "archon:terranean_axe",
            "text": "大地之斧是一把致命的斧头，使用它的能力可以让你获得20秒的抗性和$(l:archon:effects_enchants/sturdy)稳固$()。"
        },
        {
            "type": "patchouli:crafting",
            "recipe": "archon:terranean_axe"
        }
    ]
}