{
    "name": "末地",
    "icon": "archon:end_gem",
    "category": "archon:weapons",
    "sortnum": 4,
    "pages": [
        {
            "type": "patchouli:spotlight",
            "item": "archon:ender_blade",
            "text": "末影之剑可以让你朝着你所看的方向传送8个方块。"
        },
        {
            "type": "patchouli:crafting",
            "recipe": "archon:ender_blade"
        },
        {
            "type": "patchouli:spotlight",
            "item": "archon:void_scepter",
            "text": "虚空权杖类似于末影之剑，可以让你朝着你所看的方向传送10个方块。然而，在传送时你会爆炸，并伤害周围的生物。"
        },
        {
            "type": "patchouli:crafting",
            "recipe": "archon:void_scepter"
        }
    ]
}