{
    "name": "火焰",
    "icon": "archon:fire_gem",
    "category": "archon:weapons",
    "sortnum": 0,
    "pages": [
        {
            "type": "patchouli:spotlight",
            "item": "archon:heat_ranger",
            "text": "热能弓不消耗箭矢。它以拉弓的速度发射强力的火球。"
        },
        {
            "type": "patchouli:crafting",
            "recipe": "archon:heat_ranger"
        },
        {
            "type": "patchouli:spotlight",
            "item": "archon:wither_stave",
            "text": "凋零权杖是一种能够发射凋零头颅的法杖类型。"
        },
        {
            "type": "patchouli:crafting",
            "recipe": "archon:wither_stave"
        }
    ]
}