{
    "name": "天空",
    "icon": "archon:sky_gem",
    "category": "archon:weapons",
    "sortnum": 3,
    "pages": [
        {
            "type": "patchouli:spotlight",
            "item": "archon:thunder_bolt",
            "text": "闪电球会在你周围4个方块内打出闪电。闪电不会引起火灾，而且不会伤害你。"
        },
        {
            "type": "patchouli:crafting",
            "recipe": "archon:thunder_bolt"
        },
        {
            "type": "patchouli:spotlight",
            "item": "archon:vacuum_cleaver",
            "text": "真空斩是一种强大的武器，可以迅速将敌人拉向你。"
        },
        {
            "type": "patchouli:crafting",
            "recipe": "archon:vacuum_cleaver"
        },
        {
            "type": "patchouli:spotlight",
            "item": "archon:heaven_dial",
            "text": "在使用天堂拨号器后，你可以为你周围的所有玩家（包括你自己）、村民、铁傀儡和宠物治愈大量生命值。被治愈的玩家还会获得饥饿加成。"
        },
        {
            "type": "patchouli:crafting",
            "recipe": "archon:heaven_dial"
        }
    ]
}