{
    "name": "水",
    "icon": "archon:water_gem",
    "category": "archon:weapons",
    "sortnum": 1,
    "pages": [
        {
            "type": "patchouli:spotlight",
            "item": "archon:water_staff",
            "text": "水之法杖向你的目标发射小而高速的水球。"
        },
        {
            "type": "patchouli:crafting",
            "recipe": "archon:water_staff"
        },
        {
            "type": "patchouli:spotlight",
            "item": "archon:frost_sword",
            "text": "霜之剑能够投掷冰球，落地即可产生减速区域。"
        },
        {
            "type": "patchouli:crafting",
            "recipe": "archon:frost_sword"
        }
    ]
}