{
    "name": "化学分解机",
    "icon": "alchemistry:dissolver",
    "category": "alchemistry:dissolver_category",
    "pages": [
        {
            "type": "text",
            "text": "化学分解机是一台有电力的机器，与化学合成机一起是炼金术中最重要的机器。化学分解机将输入材料分解成不同的化学元素和化合物。$(br2)$(o)来自沃伦教授的笔记:我一直在研究岩浆的性质，作为比熔岩更稳定的形式。尽管熔岩会破坏大多数事物，但事实证明我可以使用岩浆更精确地将材料分解成他们的组成部分。有些成分更牢固地结合在一起，需要再经过一两次处理才能完全分解。"
        },
        {
            "type": "text",
            "text": "化合溶解机有两种类型的配方，每个JEI配方中都有标记。首先是具有$(thing)相对概率$()的配方，其中所有可能的输出组合加起来总共为100%，每个$(thing)投掷$()将始终选择一个输出组合。但是，某些配方可能会有空组，从而导致无输出的机会。"
        },
        {
            "type": "text",
            "text": "也有具有$(thing)绝对概率$()的配方。在绝对概率中，每个组合都独立投掷，有自己的输出机会，忽略其他投掷的结果。"
        },
        {
            "type": "crafting",
            "recipe": "alchemistry:dissolver"
        }
    ]
}