{
    "category": "bewitchment:tools",
    "name": "恶魔契约",
    "icon": "besmirchment:demonic_deed",
    "entry_color": "C15600",
    "flag": "bsm_tamable_demons",
    "advancement": "besmirchment:demonic_deed",
    "hidden": true,
    "pages": [
        {
            "type": "patchouli:text",
            "text": "这个肮脏的合同证明你已经杀死了$(l:besmirchment:creatures/beelzebub)贝尔斯泰布$()...... 可能。$(br)它可以使用$(l:bewitchment:tools/taglock)标签锁$()签名。$(br)签署的恶魔契约反过来可以驯服$(l:bewitchment:creatures/demon)恶魔$()，归向签名者。"
        },
        {
            "type": "patchouli:spotlight",
            "item": "besmirchment:demonic_deed",
            "text": "被驯服的$(l:bewitchment:creatures/demon)恶魔$()的行为就像狼一样，它们将帮助你参与战斗。$(br)可以命令它们保持在原地或跟随你，它们仍然会提供其交易。$(br)此外，它们可以吃蛋糕来恢复健康。"
        }
    ]
}