{
    "category": "bewitchment:tools",
    "name": "精英木棺",
    "icon": "besmirchment:elite_coffin",
    "entry_color": "C15600",
    "flag": "bsm_elite_coffin",
    "pages": [
        {
            "type": "patchouli:text",
            "text": "精英木棺是最纯正的女巫唯一的$(l:bewitchment:tools/coffins)木棺榻$()。使用原始的颜色之力，它会在周围产生魔法光芒。"
        },
        {
            "type": "patchouli:crafting",
            "recipe": "besmirchment:elite_coffin",
            "text": "最后，RGB 木棺。"
        }
    ]
}