{
    "category": "bewitchment:tools",
    "name": "终局魔扫",
    "icon": "besmirchment:final_broom",
    "entry_color": "C15600",
    "flag": "bsm_final_broom",
    "advancement": "bewitchment:hidden_unlocks/demon_heart",
    "pages": [
        {
            "type": "patchouli:text",
            "text": "终局魔扫是所有魔法扫帚中最为纯净的。$(br)通过将四个基本的$(l:bewitchment:tools/brooms)魔法扫帚$()与地狱之星和四个主要元素结合在一起，可以获得最快的魔法扫帚。$(br)"
        },
        {
            "type": "patchouli:crafting",
            "recipe": "besmirchment:final_broom",
            "text": "除了快速移动，这个扫帚还会给骑它的人施加抗性效果。$(br)也可以在上面应用$(l:bewitchment:sigils/using_sigils)符文$()。"
        }
    ]
}