{
    "category": "bewitchment:tools",
    "name": "吸血鬼防晒霜",
    "icon": "besmirchment:vampire_sunscreen",
    "entry_color": "C15600",
    "flag": "bsm_sunscreen",
    "advancement": "bewitchment:hidden_unlocks/demon_heart",
    "pages": [
        {
            "type": "patchouli:text",
            "text": "事实证明，太阳的炽热愤怒对于$(l:bewitchment:creatures/vampire)吸血鬼$()来说是个可怕的不便之处。幸运的是，有了解决方法。$(br)使用吸血鬼防晒霜，可以反射吸血鬼身上的所有阳光，使其柔和地闪闪发光。然而，这会极大地削弱其吸血鬼用户。"
        },
        {
            "type": "bewitchment:oil",
            "recipe": "besmirchment:oil_crafting/sunscreen",
            "text": "吸血鬼防晒霜是使用$(l:bewitchment:tools/witch_cauldron)巫婆大锅$()制造的，一个剂量可以持续三分钟。"
        }
    ]
}