{
    "category": "bewitchment:tools",
    "name": "女巫染料",
    "icon": "besmirchment:witchy_dye{Color:15479455}",
    "entry_color": "C15600",
    "flag": "bsm_witchy_dye",
    "pages": [
        {
            "type": "patchouli:text",
            "text": "只需将$(l:bewitchment:brewing/elemental_oils)水晶乳膏$()和$(item)染料$()混合，就可以制作出方便抛掷的女巫染料。$(br)这种女巫染料主要用于给装备上色，但也可用于染色$(l:bewitchment:creatures/werewolf)狼人$()。"
        },
        {
            "type": "bewitchment:oil",
            "recipe": "besmirchment:oil_crafting/witchy_bleach",
            "text": "要制作女巫染料，首先需要在自己的$(l:bewitchment:tools/witch_cauldron)大锅$()中酿造女巫漂白水。$(br)你可以通过将其与任何染料结合来增强其染色性能，否则它将作为漂白剂去除颜色。"
        },
        {
            "type": "patchouli:text",
            "text": "下面的$(l:bewitchment:rituals/rituals)仪式$()将随机染色添加到其中的任何女巫漂白水中。$(br)请注意，需要在开始仪式后添加需要染色的漂白剂。"
        },
        {
            "type": "bewitchment:ritual",
            "recipe": "besmirchment:rituals/color_typhoon",
            "text": "非常漂亮。"
        }
    ]
}