{
    "name": "野蛮的刷怪笼",
    "icon": "minecraft:zombie_head",
    "category": "apotheosis:adventure/rogue_spawners",
    "flag": "apotheosis:adventure",
    "sortnum": 0,
    "pages": [
        {
            "type": "patchouli:text",
            "text": "野蛮的刷怪笼是刷怪笼的亚种，它会刷出比普通怪物更强的怪物。$(p)这些怪物的生命值、护甲和攻击伤害都比普通怪物高，并且对火焰有抵抗力。"
        },
        {
            "type": "patchouli:text",
            "text": "唯一的好处是这些刷怪笼在召唤援兵之前有很长的延迟时间。"
        }
    ]
}