{
    "name": "蜘蛛网",
    "icon": "minecraft:cobweb",
    "category": "apotheosis:enchanting/utility",
    "flag": "apotheosis:enchanting",
    "pages": [
        {
            "type": "patchouli:text",
            "text": "蜘蛛网可以与物品在铁砧中合并，移除所有附魔。$(p)棱晶蜘蛛网可以与物品在铁砧上合并，移除所有诅咒。"
        },
        {
            "type": "patchouli:crafting",
            "recipe": "apotheosis:cobweb",
            "recipe2": "apotheosis:prismatic_web"
        }
    ]
}