{
    "name": "附魔图书馆",
    "icon": "apotheosis:library",
    "category": "apotheosis:enchanting/utility",
    "flag": "apotheosis:enchanting",
    "sortnum": 2,
    "pages": [
        {
            "type": "patchouli:text",
            "text": "附魔图书馆是一个附魔存储系统。$(p)只需插入附魔图书，书上的每个附魔都将作为点存储。"
        },
        {
            "type": "patchouli:text",
            "text": "每个图书馆都有一个 $(6)等级容量$()，表示它可以存储的最高附魔等级。$(p)超出的附魔将被作废。"
        },
        {
            "type": "patchouli:text",
            "text": "点击存储的附魔将提取该附魔的一个等级。$(p)按住 Shift 键点击存储的附魔将尽可能提取更多等级。$(p)必要时，书籍将在输出插槽中生成。"
        },
        {
            "type": "patchouli:text",
            "text": "你还可以将书籍放入输出插槽中，添加附魔。$(p)图书馆记录每种附魔插入的最高等级，并且只能提取到该等级。"
        },
        {
            "type": "patchouli:crafting",
            "recipe": "apotheosis:library",
            "text": "标准的 $(9)附魔图书馆$() 等级容量为16（XVI）。"
        },
        {
            "type": "patchouli:spotlight",
            "item": "apotheosis:ender_library",
            "link_recipe": true,
            "text": "$(9)亚历山大图书馆$() 的 $(6)等级容量$() 为31（XXXI）。$(p)它不能直接制作，必须使用 $(l:apotheosis:enchanting/table/infusion)注入附魔$() 制作。"
        }
    ]
}