{
    "name": "废弃之书",
    "icon": "apotheosis:scrap_tome",
    "category": "apotheosis:enchanting/utility",
    "flag": "apotheosis:enchanting",
    "sortnum": 1,
    "pages": [
        {
            "type": "patchouli:text",
            "text": "废弃之书是一种从物品中检索附魔的方法。$(p)将其与另一个项目在铁砧中合并，将摧毁另一个项目，并随机制作一本书，并带有一些附魔。"
        },
        {
            "type": "patchouli:crafting",
            "recipe": "apotheosis:scrap_tome",
            "text": "你将始终收到半数附魔（向上取整）。$(p)选择的附魔基于你的 $(l:apotheosis:enchanting/table/seed)附魔种子$()。"
        }
    ]
}