{
    "name": "卷轴",
    "icon": "apotheosis:other_tome",
    "category": "apotheosis:enchanting/utility",
    "flag": "apotheosis:enchanting",
    "pages": [
        {
            "type": "patchouli:text",
            "text": "卷轴是一种特殊类型的书籍。$(p)可以像书籍一样附魔，但只能接收特定的附魔。$(p)例外是$(l:apotheosis:enchanting/utility/scrapping)分解卷轴$()，它有另一个用途。"
        },
        {
            "type": "patchouli:crafting",
            "recipe": "apotheosis:other_tome",
            "text": "一旦你附魔了一页，它就会变成一本附魔书。"
        },
        {
            "type": "patchouli:crafting",
            "recipe": "apotheosis:helmet_tome",
            "recipe2": "apotheosis:chestplate_tome",
            "text": ""
        },
        {
            "type": "patchouli:crafting",
            "recipe": "apotheosis:leggings_tome",
            "recipe2": "apotheosis:boots_tome",
            "text": ""
        },
        {
            "type": "patchouli:crafting",
            "recipe": "apotheosis:weapon_tome",
            "recipe2": "apotheosis:pickaxe_tome",
            "text": ""
        },
        {
            "type": "patchouli:crafting",
            "recipe": "apotheosis:fishing_tome",
            "recipe2": "apotheosis:bow_tome",
            "text": ""
        }
    ]
}