{
    "name": "Ayla",
    "icon": "archon:angelic_star",
    "category": "archon:bosses",
    "sortnum": 2,
    "pages": [
        {
            "type": "patchouli:text",
            "text": "Ayla是一名天空Boss，会发射风系攻击。她的风呼啸会使你四处飞舞，所以最好快速闪避。她偶尔会漂浮在空中，因此请确保您拥有远程武器。Ayla死亡时会掉落一颗天使之星。您可以在下一页找到召唤她所需的物品。"
        },
        {
            "type": "patchouli:entity",
            "entity": "archon:ayla",
            "text": "天空宝石，羽毛，金锭，白色羊毛"
        }
    ]
}