{
    "name": "召唤底座",
    "icon": "archon:summoning_pedestal",
    "category": "archon:bosses",
    "sortnum": 0,
    "pages": [
        {
            "type": "patchouli:text",
            "text": "召唤基座允许你根据给定的物品召唤boss。只需右键点击方块以放置一个物品，或在右键同时进行潜行以移除物品。当输入需要的每种物品时，闪电将开始出现。这表示BOSS即将出现，所以准备好了!"
        },
        {
            "type": "patchouli:crafting",
            "recipe": "archon:summoning_pedestal"
        }
    ]
}