{
    "name": "沥青",
    "icon": "archon:terranite_stone",
    "category": "archon:bosses",
    "sortnum": 1,
    "pages": [
        {
            "type": "patchouli:text",
            "text": "Tar是一只地球Boss，能够造成致命的近战伤害。如果你走出他的攻击范围，他会向你扔大块的圆石，所以要保持移动！Tar具有击退抗性，其坚硬的皮肤可以弹开像箭这样的抛射物。Tar死后会掉落1个Terra石。你可以在下一页找到召唤它所需的物品。"
        },
        {
            "type": "patchouli:entity",
            "entity": "archon:tar",
            "text": "地球宝石、深层页岩、砂岩、翠绿宝石"
        }
    ]
}