{
    "category": "bewitchment:sigils",
    "name": "净化",
    "icon": "bewitchment:cleansing_sigil",
    "advancement": "minecraft:nether/find_fortress",
    "pages": [
        {
            "type": "patchouli:text",
            "text": "$(l:bewitchment:sigils/using_sigils)主动符文$() 净化可以消除任何作用于符咒激活者的有害药水效果。"
        },
        {
            "type": "patchouli:crafting",
            "recipe": "bewitchment:cleansing_sigil"
        }
    ]
}