{
    "category": "bewitchment:sigils",
    "name": "延长",
    "icon": "bewitchment:extending_sigil",
    "advancement": "minecraft:nether/find_fortress",
    "sortnum": 1,
    "pages": [
        {
            "type": "patchouli:text",
            "text": "延长$(l:bewitchment:sigils/using_sigils)被动符文$()将会延长其周围任何$(l:bewitchment:tools/brazier#incense)香炉$()的持续时间。"
        },
        {
            "type": "patchouli:crafting",
            "recipe": "bewitchment:extending_sigil"
        }
    ]
}