{
    "category": "bewitchment:sigils",
    "name": "压重",
    "icon": "bewitchment:heavy_sigil",
    "advancement": "minecraft:nether/find_fortress",
    "sortnum": 1,
    "pages": [
        {
            "type": "patchouli:text",
            "text": "$(l:bewitchment:sigils/using_sigils)被动符文$() 压重会在其周围的任何事物上施加重力魔法，增加其坠落伤害。"
        },
        {
            "type": "patchouli:crafting",
            "recipe": "bewitchment:heavy_sigil"
        }
    ]
}