{
    "category": "bewitchment:sigils",
    "name": "恢复",
    "icon": "bewitchment:mending_sigil",
    "advancement": "minecraft:nether/find_fortress",
    "pages": [
        {
            "type": "patchouli:text",
            "text": "恢复是$(l:bewitchment:sigils/using_sigils)主动符文$()。激活时，将使激活者获得再生和抗性。"
        },
        {
            "type": "patchouli:crafting",
            "recipe": "bewitchment:mending_sigil"
        }
    ]
}