{
    "category": "bewitchment:sigils",
    "name": "毁灭",
    "icon": "bewitchment:ruin_sigil",
    "advancement": "minecraft:nether/find_fortress",
    "sortnum": 1,
    "pages": [
        {
            "type": "patchouli:text",
            "text": "$(l:bewitchment:sigils/using_sigils)被动符文$() 毁灭将阻止其周围任何正面药水效果的发挥。"
        },
        {
            "type": "patchouli:crafting",
            "recipe": "bewitchment:ruin_sigil"
        }
    ]
}