{
    "category": "bewitchment:sigils",
    "name": "哨兵",
    "icon": "bewitchment:sentinel_sigil",
    "advancement": "minecraft:nether/find_fortress",
    "pages": [
        {
            "type": "patchouli:text",
            "text": "$(l:bewitchment:sigils/using_sigils)主动符文$()哨兵将困住一只$(l:bewitchment:creatures/ghost)幽灵$()的灵魂。激活后，将施加随机负面效果。"
        },
        {
            "type": "patchouli:crafting",
            "recipe": "bewitchment:sentinel_sigil"
        }
    ]
}