{
    "category": "bewitchment:sigils",
    "name": "阴影",
    "icon": "bewitchment:shadows_sigil",
    "advancement": "minecraft:nether/find_fortress",
    "sortnum": 1,
    "pages": [
        {
            "type": "patchouli:text",
            "text": "$(l:bewitchment:sigils/using_sigils)钝环被动印记$()在其周围产生一种黑暗的魔法氛围，阻止$(l:bewitchment:tools/crystal_ball)水晶球$()对其周围的物体进行千里眼观测。"
        },
        {
            "type": "patchouli:crafting",
            "recipe": "bewitchment:shadows_sigil"
        }
    ]
}