{
    "category": "bewitchment:sigils",
    "name": "滑溜溜",
    "icon": "bewitchment:slippery_sigil",
    "advancement": "minecraft:nether/find_fortress",
    "sortnum": 1,
    "pages": [
        {
            "type": "patchouli:text",
            "text": "使用滑溜溜 $(l:bewitchment:sigils/using_sigils)被动符文$() 将使任何受到影响的人无法正常处理细小物品，如 $(l:bewitchment:tools/taglock)羊毛束$()，这是一种有效的保护方法。"
        },
        {
            "type": "patchouli:crafting",
            "recipe": "bewitchment:slippery_sigil"
        }
    ]
}