{
    "category": "bewitchment:sigils",
    "name": "恶臭",
    "icon": "bewitchment:smelly_sigil",
    "advancement": "minecraft:nether/find_fortress",
    "sortnum": 1,
    "pages": [
        {
            "type": "patchouli:text",
            "text": "使用恶臭 $(l:bewitchment:sigils/using_sigils)被动符文$() 会散发出臭气，引诱附近的敌对生物靠近。"
        },
        {
            "type": "patchouli:crafting",
            "recipe": "bewitchment:smelly_sigil"
        }
    ]
}