{
    "category": "bewitchment:sigils",
    "name": "使用符文",
    "icon": "bewitchment:mending_sigil",
    "advancement": "minecraft:nether/find_fortress",
    "priority": true,
    "pages": [
        {
            "type": "patchouli:text",
            "text": "符文是魔力标记。它们可分为两类:主动符文和被动符文。$(br2) 主动符文需要放置在可用方块或由 $(l:bewitchment:introduction/dragons_blood_trees)龙之血$() 制成的扫帚上。$(br2) 被动符文可以放置在任何地方，并将其效果运用在周围的所有事物中。"
        },
        {
            "type": "patchouli:text",
            "text": "$(l:bewitchment:tools/taglock)羊毛束$() 可添加到符文中以控制影响对象。如果将符文设置为将 $(l:bewitchment:tools/taglock)羊毛束$() 视为白名单，则符文仅会影响其中的人。如果将其设置为黑名单，则符文不会影响 $(l:bewitchment:tools/taglock)标记$() 来自的任何人。$(br2) 在潜行状态下使用 $(l:bewitchment:tools/athame)祭刀$() 切换黑白名单。$(br2) 请注意，所有符文的持续时间都是有限的。"
        }
    ]
}