{
    "name": "可附魔性",
    "icon": "minecraft:golden_sword",
    "category": "apotheosis:enchanting/changes",
    "flag": "apotheosis:enchanting",
    "sortnum": 1,
    "pages": [
        {
            "type": "patchouli:text",
            "text": "在普通版中，所有没有明确的$(l:apotheosis:enchanting/table/enchantability)物品可附魔性$()默认为零.$(p)Apotheosis 更改默认值为 1.$(p)这个更改的副作用是使一些物品可以意外地被附魔。"
        },
        {
            "type": "patchouli:text",
            "text": "这个调整不会改变具有明确值的物品的可附魔性.$(p)可附魔性为零的物品永远无法被附魔。"
        }
    ]
}