{
    "name": "保护",
    "icon": "minecraft:netherite_chestplate",
    "category": "apotheosis:enchanting/changes",
    "flag": "apotheosis:enchanting",
    "sortnum": 1,
    "pages": [
        {
            "type": "patchouli:text",
            "text": "$(9)保护$()现在不再与保护的子类互斥.$(p)这意味着你现在可以拥有 $(9)保护$()和一个通常是互斥的另一个防御性附魔。"
        },
        {
            "type": "patchouli:text",
            "text": "为了解决这个问题，保护附魔的效果稍微被修改了一下.$(p)了解这些需要学习一些有关保护如何工作和一些数学知识.$(p)首先，我们介绍一个受到所有防御性附魔效果影响的属性，伤害减免(DR)点。"
        },
        {
            "type": "patchouli:text",
            "text": "$(9)保护$()附魔提供 1 点全类型伤害减免效果.$(p)专业化的附魔会提供对一种特定伤害类型的 2 点减免效果.$(p)$(9)减震$()附魔对于跌落伤害提供 3 点减免效果。"
        },
        {
            "type": "patchouli:text",
            "text": "前 20 点每点提供 4% 的 DR，最多可加到 80%.$(p)在普通版中，20 点是最高的，多余的没有效果。$(p)在Apotheosis中，接下来的 45 点每点提供额外的 0.33% ，最多可加到 95%(在 65 点时) 。$(p)装备的防御优先于附魔。"
        }
    ]
}