{
    "name": "三叉戟",
    "icon": "minecraft:trident",
    "category": "apotheosis:enchanting/changes",
    "flag": "apotheosis:enchanting",
    "sortnum": 1,
    "pages": [
        {
            "type": "patchouli:text",
            "text": "除了全新的附魔外，三叉戟现在也可以获得$(9)锋利$()，$(9)掠夺$()和$(9)穿刺$()附魔$(p)$(9)锋利$()和$(9)掠夺$()的效果与剑之类的武器相同。$(p)$(9)穿刺$()可以使投掷的三叉戟攻击到额外的敌人。"
        },
        {
            "type": "patchouli:spotlight",
            "title": "制作三叉戟",
            "item": "apotheosis:inert_trident",
            "link_recipe": true,
            "text": "Apotheosis 还添加了一种制作三叉戟的方法.$(p)只需要创建一支惰性三叉戟，并通过$(l:apotheosis:enchanting/table/infusion)隔绝附魔$()进行升级。"
        }
    ]
}