{
    "name": "永恒仪式",
    "icon": "betterendforge:eternal_pedestal",
    "read_by_default": true,
    "category": "rituals",
    "pages": [
        {
            "type": "text",
            "text": "“返回普通世界的不那么简单的方法。“$(br2)在环游末地世界时，你可以发现古老的遗迹。"
        },
        {
            "type": "image",
            "text": "周围有 $(bold)符文黄玉$() 的残破（或者没有）框架以及6个基座。",
            "border": false,
            "images": [
                "betterendforge:textures/images/eternal_ritual/portal_structure.png"
            ]
        },
        {
            "type": "text",
            "text": "这些是曾经连接末地和主世界的雄伟传送门的残骸。$(br2)要激活传送门，你需要恢复框架（如果损坏）。"
        },
        {
            "type": "image",
            "text": "并在六个支座上放置 $(bold)永恒水晶$()。",
            "border": false,
            "images": [
                "betterendforge:textures/images/eternal_ritual/portal_frame_full.png"
            ]
        },
        {
            "type": "image",
            "text": "当你放置最后一个水晶时，传送门将被激活。",
            "border": false,
            "images": [
                "betterendforge:textures/images/eternal_ritual/ritual_finished.png"
            ]
        },
        {
            "type": "text",
            "text": "$(bold)符文黄玉$()（恢复框架）和$(bold)永恒水晶$()可以通过 $(l:rituals/infusion_ritual)灌注仪式$(/l)获得。"
        }
    ]
}