{
    "name": "灌注仪式",
    "icon": "betterendforge:infusion_pedestal",
    "read_by_default": true,
    "category": "rituals",
    "pages": [
        {
            "type": "text",
            "text": "使用元素之力灌注物品。"
        },
        {
            "type": "crafting",
            "title": "准备结构",
            "text": "首先，你需要制作 $(bold)灌注支座$() 和 8 个 $(bold)任意$() 类型的支座。",
            "recipe": "betterendforge:infusion_pedestal"
        },
        {
            "type": "image",
            "text": "然后，在中心放置灌注支座，其他支座围绕它放置。",
            "border": true,
            "images": [
                "betterendforge:textures/images/infusion_ritual/infusion_ritual_start.png",
                "betterendforge:textures/images/infusion_ritual/infusion_ritual_full.png"
            ]
        },
        {
            "type": "image",
            "title": "灌注",
            "text": "当仪式结构准备就绪时，你可以开始进行灌注。",
            "border": false,
            "images": [
                "betterendforge:textures/images/infusion_ritual/ritual_structure.png"
            ]
        },
        {
            "type": "image",
            "text": "将主要成分放置在 $(bold)灌注支座$() 上，将催化剂放置在其他支座上。",
            "border": false,
            "images": [
                "betterendforge:textures/images/infusion_ritual/ritual_ready.png"
            ]
        },
        {
            "type": "text",
            "text": "你可以在 $(l:https://www.curseforge.com/minecraft/mc-mods/jei)JEI$(/l) 中查看配方。$(br2)要开始灌注，只需将主要成分放在最后，或右键单击 $(bold)灌注支座$()。"
        },
        {
            "type": "image",
            "text": "然后你需要等待仪式完成。",
            "border": false,
            "images": [
                "betterendforge:textures/images/infusion_ritual/ritual_started.png"
            ]
        },
        {
            "type": "image",
            "text": "拿取结果。",
            "border": false,
            "images": [
                "betterendforge:textures/images/infusion_ritual/ritual_finished.png"
            ]
        }
    ]
}