{
    "name": "Unobtainium Vibranium",
    "icon": "allthemodium:unobtainium_vibranium_alloy_ingot",
    "category": "allthemodium:alloys",
    "sortnum": "3",
    "pages": [
        {
            "type": "text",
            "text": "Unobtainium Vibranium 合金$(br)是三种合金中最强的，需要在$(br)冰龙锻炉$(br)中锻造。$(br)左槽放 Unobtainium$(br)右槽放 Vibranium"
        },
        {
            "type": "entity",
            "entity": "iceandfire:ice_dragon",
            "scale": 0.9,
            "rotate": true,
            "default_rotation": -45
        }
    ]
}