{
    "name": "Unobtainium Allthemodium",
    "icon": "allthemodium:unobtainium_allthemodium_alloy_ingot",
    "category": "allthemodium:alloys",
    "sortnum": "2",
    "pages": [
        {
            "type": "text",
            "text": "Unobtainium Allthemodium 合金$(br)是三种合金的中间级别，需要在$(br)闪电龙锻炉$(br)中锻造。$(br)左槽放 Unobtainium$(br)右槽放 Allthemodium"
        },
        {
            "type": "entity",
            "entity": "iceandfire:lightning_dragon",
            "scale": 0.9,
            "rotate": true,
            "default_rotation": -45
        }
    ]
}