{
    "name": "Vibranium Allthemodium",
    "icon": "allthemodium:vibranium_allthemodium_alloy_ingot",
    "category": "allthemodium:alloys",
    "sortnum": "1",
    "pages": [
        {
            "type": "text",
            "text": "Vibranium Allthemodium 合金是三种合金中最弱的，需要在$(br)火龙锻炉$(br)中锻造。$(br)左槽放 Vibranium$(br)右槽放 Allthemodium"
        },
        {
            "type": "entity",
            "entity": "iceandfire:fire_dragon",
            "scale": 0.9,
            "rotate": true,
            "default_rotation": -45
        }
    ]
}