{
    "name": "骷髅兵",
    "icon": "archon:textures/gui/book/skelt_head.png",
    "category": "archon:necromancy",
    "sortnum": 4,
    "pages": [
        {
            "type": "patchouli:text",
            "text": "骷髅兵是使用$(l:archon:necromancy/undead_staff)不死法杖$()召唤出来的特殊骷髅。有三种类型的骷髅兵，分别从不同的$(l:archon:necromancy/souls)灵魂核心$()类型中召唤。骷髅兵会跟随你并一起攻击。你可以通过潜行并使用不死法杖右键单击它们来停止它们跟随你。"
        },
        {
            "type": "patchouli:entity",
            "entity": "archon:skelt",
            "text": "普通骷髅兵没有任何特殊属性，走得很慢。"
        },
        {
            "type": "patchouli:entity",
            "entity": "archon:prime_skelt",
            "text": "首席骷髅兵是使用铁剑的更快的骷髅兵。你可以通过Shift+右键给它们穿上盔甲。"
        },
        {
            "type": "patchouli:entity",
            "entity": "archon:omega_skelt",
            "text": "最强骷髅兵是具有很高生命值的大型骷髅兵。它们动作缓慢但非常坚韧，攻击更强。",
            "scale": 1.2
        }
    ]
}