{
    "name": "灵魂破碎机",
    "icon": "archon:soul_crusher",
    "category": "archon:necromancy",
    "sortnum": 2,
    "pages": [
        {
            "type": "patchouli:spotlight",
            "item": "archon:soul_crusher",
            "text": "灵魂粉碎者是一种特殊的死灵法器，可以将你击败的敌人的灵魂凝缩成法力。击杀生物将会给予你20 mana，击杀玩家将会给予你30 mana，击杀boss将会给予你50 mana，而不是灵魂掉落。"
        },
        {
            "type": "patchouli:crafting",
            "recipe": "archon:soul_crusher"
        }
    ]
}