{
    "name": "灵魂和核心",
    "icon": "archon:soul_core_creature",
    "category": "archon:necromancy",
    "sortnum": 0,
    "pages": [
        {
            "type": "patchouli:spotlight",
            "item": "archon:player_soul",
            "text": "灵魂是使用$(l:archon:necromancy/soul_scythe)灵魂镰刀$()杀死生物获得的特殊物品。这些灵魂用于制作灵魂核心，是召唤不死生物的重要材料。"
        },
        {
            "type": "patchouli:spotlight",
            "item": "archon:soul_core_boss",
            "text": "灵魂核心是由灵魂和骨头制造的物品。这些核心是召唤亡灵的主要组成部分。"
        },
        {
            "type": "patchouli:crafting",
            "recipe": "archon:soul_core_creature",
            "recipe2": "archon:soul_core_player"
        },
        {
            "type": "patchouli:crafting",
            "recipe": "archon:soul_core_boss"
        }
    ]
}