{
    "name": "灵魂镰刀",
    "icon": "archon:soul_scythe",
    "category": "archon:necromancy",
    "sortnum": 1,
    "pages": [
        {
            "type": "patchouli:spotlight",
            "item": "archon:soul_scythe",
            "text": "灵魂镰刀是死灵法术中至关重要的工具，让你在击败生物、玩家和boss时获得$(l:archon:necromancy/souls)souls$()。默认情况下，生物和玩家的灵魂有5%的概率掉落，而boss始终会掉落他们的灵魂。"
        },
        {
            "type": "patchouli:crafting",
            "recipe": "archon:soul_scythe"
        }
    ]
}