{
    "name": "亡灵法杖",
    "icon": "archon:undead_staff",
    "category": "archon:necromancy",
    "sortnum": 3,
    "pages": [
        {
            "type": "patchouli:spotlight",
            "item": "archon:undead_staff",
            "text": "亡灵法杖是用于召唤$(l:archon:necromancy/skelts)骷髅兵$()的物品。为了召唤一只骷髅兵，放下与所需召唤的骷髅兵相对应的灵魂核心，并使用法杖进行转化。法杖在指挥你的骷髅兵方面非常重要，所以一定要将它随身携带。"
        },
        {
            "type": "patchouli:crafting",
            "recipe": "archon:undead_staff"
        }
    ]
}