{
    "block.glyph.place": {
        "sounds": [
            "bewitchment:block/glyph/place1",
            "bewitchment:block/glyph/place2",
            "bewitchment:block/glyph/place3",
            "bewitchment:block/glyph/place4",
            "bewitchment:block/glyph/place5"
        ],
        "subtitle": "subtitles.block.generic.place"
    },
    "block.glyph.fire": {
        "sounds": [
            "random/fizz"
        ],
        "subtitle": "bewitchment.subtitles.block.glyph.fire"
    },
    "block.glyph.fail": {
        "sounds": [
            "note/snare"
        ],
        "subtitle": "bewitchment.subtitles.block.glyph.fail"
    },
    "block.glyph.pling": {
        "sounds": [
            "random/orb"
        ],
        "subtitle": "bewitchment.subtitles.block.glyph.pling"
    },
    "block.crystal_ball.fire": {
        "sounds": [
            "random/fizz"
        ],
        "subtitle": "bewitchment.subtitles.block.crystal_ball.fire"
    },
    "block.crystal_ball.fail": {
        "sounds": [
            "note/snare"
        ],
        "subtitle": "bewitchment.subtitles.block.crystal_ball.fail"
    },
    "block.brazier.fail": {
        "sounds": [
            "note/snare"
        ],
        "subtitle": "bewitchment.subtitles.block.brazier.fail"
    },
    "block.sigil.pling": {
        "sounds": [
            "random/orb"
        ],
        "subtitle": "bewitchment.subtitles.block.sigil.pling"
    },
    "item.athame.strip": {
        "sounds": [
            {
                "name": "item/axe/strip1",
                "volume": 0.9
            },
            {
                "name": "item/axe/strip2",
                "volume": 0.9
            },
            {
                "name": "item/axe/strip3",
                "volume": 0.9
            },
            {
                "name": "item/axe/strip4",
                "volume": 0.9
            },
            {
                "name": "item/axe/strip1",
                "pitch": 0.85,
                "volume": 0.9
            },
            {
                "name": "item/axe/strip2",
                "pitch": 0.85,
                "volume": 0.9
            },
            {
                "name": "item/axe/strip3",
                "pitch": 0.85,
                "volume": 0.9
            },
            {
                "name": "item/axe/strip4",
                "pitch": 0.85,
                "volume": 0.9
            }
        ],
        "subtitle": "bewitchment.subtitles.item.athame.strip"
    },
    "item.contract.use": {
        "sounds": [
            {
                "name": "mob/wither/spawn",
                "pitch": 0.5
            }
        ],
        "subtitle": "bewitchment.subtitles.item.contract.use"
    },
    "item.horned_spear.use": {
        "sounds": [
            "random/bow"
        ],
        "subtitle": "bewitchment.subtitles.item.horned_spear.use"
    },
    "entity.generic.teleport": {
        "sounds": [
            "mob/endermen/portal",
            "mob/endermen/portal2"
        ],
        "subtitle": "bewitchment.subtitles.entity.generic.teleport"
    },
    "entity.generic.pling": {
        "sounds": [
            "random/orb"
        ],
        "subtitle": "bewitchment.subtitles.entity.generic.pling"
    },
    "entity.generic.shoot": {
        "sounds": [
            "mob/ghast/fireball4"
        ],
        "subtitle": "bewitchment.subtitles.entity.generic.shoot"
    },
    "entity.generic.pledge": {
        "sounds": [
            "mob/wither/spawn"
        ],
        "subtitle": "bewitchment.subtitles.entity.generic.pledge"
    },
    "entity.generic.curse": {
        "sounds": [
            {
                "name": "mob/wither/spawn",
                "pitch": 0.5
            }
        ],
        "subtitle": "bewitchment.subtitles.entity.generic.curse"
    },
    "entity.generic.transform": {
        "sounds": [
            "random/fizz"
        ],
        "subtitle": "bewitchment.subtitles.entity.generic.transform"
    },
    "entity.owl.ambient": {
        "sounds": [
            "bewitchment:mob/owl/say1",
            "bewitchment:mob/owl/say2"
        ],
        "subtitle": "bewitchment.subtitles.entity.owl.ambient"
    },
    "entity.owl.hurt": {
        "sounds": [
            "bewitchment:mob/owl/hurt1",
            "bewitchment:mob/owl/hurt2",
            "bewitchment:mob/owl/hurt3",
            "bewitchment:mob/owl/hurt4"
        ],
        "subtitle": "bewitchment.subtitles.entity.owl.hurt"
    },
    "entity.owl.death": {
        "sounds": [
            "bewitchment:mob/owl/death"
        ],
        "subtitle": "bewitchment.subtitles.entity.owl.death"
    },
    "entity.owl.fly": {
        "sounds": [
            "mob/parrot/fly1",
            "mob/parrot/fly2",
            "mob/parrot/fly3",
            "mob/parrot/fly4",
            "mob/parrot/fly5",
            "mob/parrot/fly6",
            "mob/parrot/fly7",
            "mob/parrot/fly8"
        ],
        "subtitle": "bewitchment.subtitles.entity.owl.fly"
    },
    "entity.raven.ambient": {
        "sounds": [
            "bewitchment:mob/raven/say1",
            "bewitchment:mob/raven/say2",
            "bewitchment:mob/raven/say3",
            "bewitchment:mob/raven/say4",
            "bewitchment:mob/raven/say5"
        ],
        "subtitle": "bewitchment.subtitles.entity.raven.ambient"
    },
    "entity.raven.hurt": {
        "sounds": [
            "bewitchment:mob/raven/hurt1",
            "bewitchment:mob/raven/hurt2",
            "bewitchment:mob/raven/hurt3",
            "bewitchment:mob/raven/hurt4",
            "bewitchment:mob/raven/hurt5"
        ],
        "subtitle": "bewitchment.subtitles.entity.raven.hurt"
    },
    "entity.raven.death": {
        "sounds": [
            "bewitchment:mob/raven/death"
        ],
        "subtitle": "bewitchment.subtitles.entity.raven.death"
    },
    "entity.raven.fly": {
        "sounds": [
            "mob/parrot/fly1",
            "mob/parrot/fly2",
            "mob/parrot/fly3",
            "mob/parrot/fly4",
            "mob/parrot/fly5",
            "mob/parrot/fly6",
            "mob/parrot/fly7",
            "mob/parrot/fly8"
        ],
        "subtitle": "bewitchment.subtitles.entity.raven.fly"
    },
    "entity.snake.ambient": {
        "sounds": [
            "bewitchment:mob/snake/say1",
            "bewitchment:mob/snake/say2",
            "bewitchment:mob/snake/say3",
            "bewitchment:mob/snake/say4"
        ],
        "subtitle": "bewitchment.subtitles.entity.snake.ambient"
    },
    "entity.snake.hurt": {
        "sounds": [
            "bewitchment:mob/snake/hurt1",
            "bewitchment:mob/snake/hurt2",
            "bewitchment:mob/snake/hurt3",
            "bewitchment:mob/snake/hurt4"
        ],
        "subtitle": "bewitchment.subtitles.entity.snake.hurt"
    },
    "entity.snake.death": {
        "sounds": [
            "bewitchment:mob/snake/death"
        ],
        "subtitle": "bewitchment.subtitles.entity.snake.death"
    },
    "entity.toad.ambient": {
        "sounds": [
            "bewitchment:mob/toad/say1",
            "bewitchment:mob/toad/say2",
            "bewitchment:mob/toad/say3",
            "bewitchment:mob/toad/say4"
        ],
        "subtitle": "bewitchment.subtitles.entity.toad.ambient"
    },
    "entity.toad.hurt": {
        "sounds": [
            "bewitchment:mob/toad/hurt1",
            "bewitchment:mob/toad/hurt2",
            "bewitchment:mob/toad/hurt3",
            "bewitchment:mob/toad/hurt4"
        ],
        "subtitle": "bewitchment.subtitles.entity.toad.hurt"
    },
    "entity.toad.death": {
        "sounds": [
            "bewitchment:mob/toad/death"
        ],
        "subtitle": "bewitchment.subtitles.entity.toad.death"
    },
    "entity.ghost.ambient": {
        "sounds": [
            "bewitchment:mob/ghost/say1",
            "bewitchment:mob/ghost/say2",
            "bewitchment:mob/ghost/say3",
            "bewitchment:mob/ghost/say4"
        ],
        "subtitle": "bewitchment.subtitles.entity.ghost.ambient"
    },
    "entity.ghost.hurt": {
        "sounds": [
            "bewitchment:mob/ghost/hurt1",
            "bewitchment:mob/ghost/hurt2",
            "bewitchment:mob/ghost/hurt3",
            "bewitchment:mob/ghost/hurt4"
        ],
        "subtitle": "bewitchment.subtitles.entity.ghost.hurt"
    },
    "entity.ghost.death": {
        "sounds": [
            "bewitchment:mob/ghost/death"
        ],
        "subtitle": "bewitchment.subtitles.entity.ghost.death"
    },
    "entity.vampire.ambient": {
        "sounds": [
            "bewitchment:mob/vampire/say1",
            "bewitchment:mob/vampire/say2",
            "bewitchment:mob/vampire/say3",
            "bewitchment:mob/vampire/say4",
            "bewitchment:mob/vampire/say5"
        ],
        "subtitle": "bewitchment.subtitles.entity.vampire.ambient"
    },
    "entity.vampire.hurt": {
        "sounds": [
            "bewitchment:mob/vampire/hurt1",
            "bewitchment:mob/vampire/hurt2",
            "bewitchment:mob/vampire/hurt3",
            "bewitchment:mob/vampire/hurt4"
        ],
        "subtitle": "bewitchment.subtitles.entity.vampire.hurt"
    },
    "entity.vampire.death": {
        "sounds": [
            "bewitchment:mob/vampire/death"
        ],
        "subtitle": "bewitchment.subtitles.entity.vampire.death"
    },
    "entity.werewolf.ambient": {
        "sounds": [
            "bewitchment:mob/werewolf/say1",
            "bewitchment:mob/werewolf/say2",
            "bewitchment:mob/werewolf/say3",
            "bewitchment:mob/werewolf/say4"
        ],
        "subtitle": "bewitchment.subtitles.entity.werewolf.ambient"
    },
    "entity.werewolf.hurt": {
        "sounds": [
            "bewitchment:mob/werewolf/hurt1",
            "bewitchment:mob/werewolf/hurt2",
            "bewitchment:mob/werewolf/hurt3",
            "bewitchment:mob/werewolf/hurt4"
        ],
        "subtitle": "bewitchment.subtitles.entity.werewolf.hurt"
    },
    "entity.werewolf.death": {
        "sounds": [
            "bewitchment:mob/werewolf/death"
        ],
        "subtitle": "bewitchment.subtitles.entity.werewolf.death"
    },
    "entity.hellhound.ambient": {
        "sounds": [
            "bewitchment:mob/hellhound/say1",
            "bewitchment:mob/hellhound/say2",
            "bewitchment:mob/hellhound/say3",
            "bewitchment:mob/hellhound/say4"
        ],
        "subtitle": "bewitchment.subtitles.entity.hellhound.ambient"
    },
    "entity.hellhound.hurt": {
        "sounds": [
            "bewitchment:mob/hellhound/hurt1",
            "bewitchment:mob/hellhound/hurt2",
            "bewitchment:mob/hellhound/hurt3",
            "bewitchment:mob/hellhound/hurt4"
        ],
        "subtitle": "bewitchment.subtitles.entity.hellhound.hurt"
    },
    "entity.hellhound.death": {
        "sounds": [
            "bewitchment:mob/hellhound/death"
        ],
        "subtitle": "bewitchment.subtitles.entity.hellhound.death"
    },
    "entity.demon.ambient": {
        "sounds": [
            "bewitchment:mob/demon/say1",
            "bewitchment:mob/demon/say2",
            "bewitchment:mob/demon/say3",
            "bewitchment:mob/demon/say4"
        ],
        "subtitle": "bewitchment.subtitles.entity.demon.ambient"
    },
    "entity.demon.hurt": {
        "sounds": [
            "bewitchment:mob/demon/hurt1",
            "bewitchment:mob/demon/hurt2",
            "bewitchment:mob/demon/hurt3",
            "bewitchment:mob/demon/hurt4"
        ],
        "subtitle": "bewitchment.subtitles.entity.demon.hurt"
    },
    "entity.demon.death": {
        "sounds": [
            "bewitchment:mob/demon/death"
        ],
        "subtitle": "bewitchment.subtitles.entity.demon.death"
    },
    "entity.leonard.ambient": {
        "sounds": [
            "bewitchment:mob/leonard/say1",
            "bewitchment:mob/leonard/say2",
            "bewitchment:mob/leonard/say3",
            "bewitchment:mob/leonard/say4"
        ],
        "subtitle": "bewitchment.subtitles.entity.leonard.ambient"
    },
    "entity.leonard.hurt": {
        "sounds": [
            "bewitchment:mob/leonard/hurt1",
            "bewitchment:mob/leonard/hurt2",
            "bewitchment:mob/leonard/hurt3",
            "bewitchment:mob/leonard/hurt4"
        ],
        "subtitle": "bewitchment.subtitles.entity.leonard.hurt"
    },
    "entity.leonard.death": {
        "sounds": [
            "bewitchment:mob/leonard/death"
        ],
        "subtitle": "bewitchment.subtitles.entity.leonard.death"
    },
    "entity.baphomet.ambient": {
        "sounds": [
            "bewitchment:mob/baphomet/say1",
            "bewitchment:mob/baphomet/say2",
            "bewitchment:mob/baphomet/say3",
            "bewitchment:mob/baphomet/say4"
        ],
        "subtitle": "bewitchment.subtitles.entity.baphomet.ambient"
    },
    "entity.baphomet.hurt": {
        "sounds": [
            "bewitchment:mob/baphomet/hurt1",
            "bewitchment:mob/baphomet/hurt2",
            "bewitchment:mob/baphomet/hurt3",
            "bewitchment:mob/baphomet/hurt4"
        ],
        "subtitle": "bewitchment.subtitles.entity.baphomet.hurt"
    },
    "entity.baphomet.death": {
        "sounds": [
            "bewitchment:mob/baphomet/death"
        ],
        "subtitle": "bewitchment.subtitles.entity.baphomet.death"
    },
    "entity.lilith.ambient": {
        "sounds": [
            "bewitchment:mob/lilith/say1",
            "bewitchment:mob/lilith/say2",
            "bewitchment:mob/lilith/say3"
        ],
        "subtitle": "bewitchment.subtitles.entity.lilith.ambient"
    },
    "entity.lilith.hurt": {
        "sounds": [
            "bewitchment:mob/lilith/hurt1",
            "bewitchment:mob/lilith/hurt2",
            "bewitchment:mob/lilith/hurt3"
        ],
        "subtitle": "bewitchment.subtitles.entity.lilith.hurt"
    },
    "entity.lilith.death": {
        "sounds": [
            "bewitchment:mob/lilith/death"
        ],
        "subtitle": "bewitchment.subtitles.entity.lilith.death"
    },
    "entity.herne.ambient": {
        "sounds": [
            "bewitchment:mob/herne/say1",
            "bewitchment:mob/herne/say2",
            "bewitchment:mob/herne/say3",
            "bewitchment:mob/herne/say4"
        ],
        "subtitle": "bewitchment.subtitles.entity.herne.ambient"
    },
    "entity.herne.hurt": {
        "sounds": [
            "bewitchment:mob/herne/hurt1",
            "bewitchment:mob/herne/hurt2",
            "bewitchment:mob/herne/hurt3",
            "bewitchment:mob/herne/hurt4"
        ],
        "subtitle": "bewitchment.subtitles.entity.herne.hurt"
    },
    "entity.herne.death": {
        "sounds": [
            "bewitchment:mob/herne/death"
        ],
        "subtitle": "bewitchment.subtitles.entity.herne.death"
    }
}