{
    "name": "神秘维度",
    "icon": "allthemodium:other_vibranium_ore",
    "category": "allthemodium:dimensions",
    "sortnum": 3,
    "pages": [
        {
            "type": "text",
            "text": "神秘维度非常危险。要传送到该维度，请在地狱内使用$(l:dimensions/teleport_pad)传送平台$(/c)。关于这个地方的了解很少，但它似乎是猪灵的家园，各种生物群系都有巨大的地下城市，以及充满怪物和战利品的古老金字塔和地牢。"
        }
    ]
}