{
    "name": "传送平台",
    "icon": "allthemodium:teleport_pad",
    "category": "allthemodium:dimensions",
    "sortnum": 1,
    "pages": [
        {
            "type": "crafting",
            "recipe": "allthemodium:teleport_pad"
        },
        {
            "type": "text",
            "text": "传送平台用于传送到$(l:dimensions/miningdim)采矿维度$(/c)和$(l:dimensions/otherdim)神秘维度$(/c)，需要用空手和空副手同时按下shift右键。$(br2)请注意，$(l:dimensions/miningdim)采矿维度$(/c)在ATM6:攀向天际的包中已被禁用。"
        }
    ]
}