{
    "category": "bewitchment:contracts",
    "name": "愤怒",
    "icon": "bewitchment:demonic_contract",
    "advancement": "bewitchment:hidden_unlocks/demon_horn",
    "sortnum": 1,
    "pages": [
        {
            "type": "patchouli:text",
            "text": "有时受伤会让人生气，而有了$(l:bewitchment:contracts/concept_contracts)愤怒契约$()，你可以合理地表达这份愤怒！$(br2)签署这个$(l:bewitchment:contracts/concept_contracts)契约$()会提高你在生命值偏低时的伤害输出。"
        }
    ]
}