{
    "name": "竹子",
    "icon": "minecraft:bamboo",
    "category": "apotheosis:garden/garden",
    "flag": "apotheosis:garden",
    "sortnum": 0,
    "pages": [
        {
            "type": "patchouli:text",
            "text": "现在竹子的生长高度可以达到32格高度。$(p)不过竹子的生长有些奇怪，所以它不总是能够达到这个高度。$(p)这个值可以通过模组包进行配置，所以它可能会比这个高（或者低）。"
        }
    ],
    "extra_recipe_mappings": {
        "minecraft:bamboo": 0
    }
}