{
    "name": "末影束缚",
    "icon": "apotheosis:ender_lead",
    "category": "apotheosis:garden/garden",
    "flag": "apotheosis:garden",
    "sortnum": 1,
    "pages": [
        {
            "type": "patchouli:text",
            "text": "末影束缚是一种可以捕获农场动物的物品。$(p)用末影束缚来攻击动物即可将其捕获，右键放生。$(p)一般只能捕获可以繁殖的农场动物。"
        },
        {
            "type": "patchouli:crafting",
            "recipe": "apotheosis:ender_lead",
            "text": ""
        }
    ]
}