{
    "name": "龙蛋神龛",
    "icon": "minecraft:dragon_egg",
    "category": "adventurez:block_category",
    "pages": [
        {
            "type": "text",
            "title": "龙蛋神龛",
            "text": "这个神龛从 Minecraft 中最稀有的方块——龙蛋中提取能量。在末地内建造它，可以召唤出被称为“眼“的致命生物。"
        },
        {
            "type": "multiblock",
            "text": "底层也可以由哭泣黑曜石建造",
            "offset": [
                0,
                4,
                0
            ],
            "multiblock": {
                "pattern": [
                    [
                        "     ",
                        " E E ",
                        "  D  ",
                        " E E ",
                        "     "
                    ],
                    [
                        "E   E",
                        " CCC ",
                        " CCC ",
                        " CCC ",
                        "E   E"
                    ],
                    [
                        "OOOOO",
                        "OOOOO",
                        "OO0OO",
                        "OOOOO",
                        "OOOOO"
                    ]
                ],
                "mapping": {
                    "O": "minecraft:obsidian",
                    "C": "minecraft:crying_obsidian",
                    "E": "minecraft:end_rod",
                    "D": "minecraft:dragon_egg",
                    "0": "minecraft:obsidian"
                },
                "symmetrical": true
            }
        }
    ]
}