{
    "name": "信息菜单",
    "icon": "apotheosis:textures/gui/book/question_mark.png",
    "category": "apotheosis:enchanting/table",
    "flag": "apotheosis:enchanting",
    "pages": [
        {
            "type": "patchouli:text",
            "text": "附魔桌有一个有用的屏幕，可以让你了解可用的附魔情况。$(p)要访问它，请将物品放入附魔桌中，并单击右上角的问号。"
        },
        {
            "type": "patchouli:text",
            "text": "本章的目的是介绍这个屏幕，并帮助您浏览它。$(p)如果您完全了解它，就不会再被附魔所迷惑了。"
        },
        {
            "type": "patchouli:image",
            "title": "槽选择器",
            "images": [
                "apotheosis:textures/gui/book/slot_selector.png"
            ],
            "text": "这让您选择要检查的附魔槽。"
        },
        {
            "type": "patchouli:text",
            "text": "当前选择的槽将被突出显示，并且不可用的槽将变灰。$(p)悬停在槽上将显示级别，$(4)最小强度$()和 $(9)最大强度$()。"
        },
        {
            "type": "patchouli:image",
            "title": "附魔窗口",
            "images": [
                "apotheosis:textures/gui/book/enchantments_window.png"
            ],
            "text": "这显示了可用的附魔。"
        },
        {
            "type": "patchouli:text",
            "text": "考虑到当前物品和当前选择的强度级别，一定数量的附魔是可用的。$(p)该窗口显示每个附魔，它们的级别、稀有度和被选择的机会。$(p)它还将显示哪些附魔互斥。"
        },
        {
            "type": "patchouli:image",
            "title": "强度滑块",
            "images": [
                "apotheosis:textures/gui/book/power_slider.png"
            ],
            "text": "这可让您更改模拟的强度级别。"
        },
        {
            "type": "patchouli:text",
            "text": "当您选择一个槽时，强度滑块会自动选择强度范围的中间点。$(p)滑块只能下降到当前槽的 $(4)最小强度$()，并上升到 $(9)最大强度$()。"
        },
        {
            "type": "patchouli:image",
            "title": "稀有度权重",
            "images": [
                "apotheosis:textures/gui/book/weights.png"
            ],
            "text": "这显示了每个稀有度的权重。"
        },
        {
            "type": "patchouli:text",
            "text": "每个附魔都有一种稀有度，并且每种稀有度都有一定的权重。$(p)选择附魔的机会是它个别权重与总奖池权重（所有可用附魔的权重之和）之比。$(p)$(arcana) 可以改变稀有度权重。"
        }
    ]
}