{
    "name": "注入附魔",
    "icon": "apotheosis:infused_hellshelf",
    "category": "apotheosis:enchanting/table",
    "flag": "apotheosis:enchanting",
    "pages": [
        {
            "type": "patchouli:text",
            "text": "$(9)注灵附魔$()是一种通过附魔台进行合成的新方法。$(p)每个注灵配方都有一个物品输入和三个状态要求。"
        },
        {
            "type": "patchouli:text",
            "text": "每个状态要求通常都需要一定的数值，并且可以选择一个最大值。$(p)注灵附魔仅使用第三个插槽，并允许您超额消费经验值。"
        },
        {
            "type": "patchouli:text",
            "text": "要进行注入附魔，只需将物品放入插槽中。$(p)如果您具有正确的属性，第三个插槽将亮起，并单击它将执行注入。"
        }
    ]
}