{
    "name": "附魔能量",
    "icon": "minecraft:experience_bottle",
    "category": "apotheosis:enchanting/table",
    "flag": "apotheosis:enchanting",
    "pages": [
        {
            "type": "patchouli:text",
            "text": "在附魔过程中，您将消耗经验和青金石来附魔物品。$(p)但是如何选择附魔呢？$(p)答案是附魔能量。"
        },
        {
            "type": "patchouli:text",
            "text": "首先，我们将介绍如何选择附魔。$(p)每种附魔都有一个 $(5)功率函数 $()，用于控制哪些 $(fpower)可以获得特定级别。$(p)一旦收集到所有可用的附魔，一些基于其权重会被随机选择。"
        },
        {
            "type": "patchouli:text",
            "text": "但 $(fpower) 是如何计算的？ 这需要一些数学技巧。$(p)最初，您有一个 $(bpower) ，这是您在附魔时消耗的级别。$(p)然后， $(quanta) 和 $(l:apotheosis:enchanting/table/stats#rectification) 矫正将您的 $(bpower) 修改为 $(fpower)。"
        },
        {
            "type": "patchouli:text",
            "text": "每个属性如何修改您的 $(bpower) 的具体细节可以在 $(l:apotheosis:enchanting/table/stats#quanta) $(quanta) 和 $(l:apotheosis:enchanting/table/stats#rectification) 矫正$() 条目中找到。$(p)通常，更高的 $(fpower) 将使您访问更高级别的附魔。"
        }
    ]
}