{
    "name": "附魔种子",
    "icon": "minecraft:wheat_seeds",
    "category": "apotheosis:enchanting/table",
    "flag": "apotheosis:enchanting",
    "pages": [
        {
            "type": "patchouli:text",
            "text": "附魔中的所有内容（以及一些其他机制）都基于您的 $(9)附魔种子 $()。$(p)通过附魔台附魔物品时，种子会发生改变。"
        },
        {
            "type": "patchouli:text",
            "text": "除非您的种子发生更改，否则所有基于种子的随机结果将保持不变。$(p)例如，选择特定插槽的附魔是基于种子的随机结果。"
        }
    ]
}