{
    "name": "附魔属性",
    "icon": "minecraft:bookshelf",
    "category": "apotheosis:enchanting/table",
    "flag": "apotheosis:enchanting",
    "pages": [
        {
            "type": "patchouli:text",
            "text": "在圣化（Apotheosis）中，附魔不仅依赖于等级，还依赖于更多因素。$(p)目前有五个新的附魔属性。$(p)提供附魔属性的方块将在其工具提示中显示它们。"
        },
        {
            "type": "patchouli:text",
            "title": "洛基",
            "text": "$(eterna) 是附魔的主要属性。$(p)每点 $(eterna) 将使最大附魔级别增加两个级别。$(p)一些方块只能提供最大 $(eterna) 值。"
        },
        {
            "type": "patchouli:text",
            "title": "量子",
            "anchor": "quanta",
            "text": "$(quanta) 是一个次要属性。它控制附魔变化。$(p)在附魔过程中，您有一个 $(bpower)，这是您消耗的等级，然后是 $(fpower)，在所有修改后。$(p)$(quanta) 是修改过程中的因素之一。"
        },
        {
            "type": "patchouli:text",
            "text": "选定一个值，介于 $(4)1 - 量子 $() 和 $(9)1 + 量子 $() 之间。$(p)您的 $(fpower) 等于该值乘以您的 $(bpower)。$(p)更高的 $(quanta) 值将增加功率范围，这意味着您的附魔在 $(fpower) 上不那么一致。"
        },
        {
            "type": "patchouli:text",
            "title": "奥奇娜",
            "text": "$(arcana)是一个次要状态，它控制稀有度权重，并在达到某些阈值时保证你获得额外的附魔。$(p)在25%的$(arcana)时，你将始终获得至少两个附魔。在75%时，你将始终获得三个。"
        },
        {
            "type": "patchouli:text",
            "text": "默认情况下，稀有度的权重如下:$(p)常规:10$(br)不寻常:5$(br)稀有:3$(br)非常稀有:1$(p)每10%的$(arcana)都会改变权重，最终完全颠倒。$(p)悬停在$(arcana)栏上可以显示当前权重。"
        },
        {
            "type": "patchouli:text",
            "title": "复检",
            "anchor": "rectification",
            "text": "复检是一个第三级属性。它直接影响 $(quanta) 修饰的下限。$(p)请记住，你的 $(4)最低能量$() 等于 $(4)1 - 远古能量$()。$(p)有了复检（R），你的 $(4)最低能量$() 等于 $(4)1 - (1 - R) * 远古能量$()。"
        },
        {
            "type": "patchouli:text",
            "text": "如果这听起来有些莫名其妙，不用担心。$(p)只需要知道复检值越高越好。$(p)你还可以有负的复检，这总是不好的。"
        },
        {
            "type": "patchouli:text",
            "title": "线索",
            "text": "线索是另一个第三级属性。$(p)每个线索都可以让你在预览窗口中看到一个额外的物品。$(p)当你能看到所有可用的附魔时，文字会略有不同。"
        },
        {
            "type": "patchouli:text",
            "text": "你还可以降低线索到零，看不到任何东西。"
        }
    ]
}