{
    "category": "bewitchment:rituals",
    "name": "屏障",
    "icon": "bewitchment:salt",
    "advancement": "bewitchment:hidden_unlocks/chalk",
    "pages": [
        {
            "type": "patchouli:text",
            "text": "这个次级的$(l:bewitchment:rituals/rituals)仪式$()利用风和盐的力量来击退敌对实体。它将运行约半天。"
        },
        {
            "type": "bewitchment:ritual",
            "recipe": "bewitchment:rituals/barrier"
        }
    ]
}