{
    "category": "bewitchment:rituals",
    "name": "捆绑",
    "icon": "minecraft:lead",
    "advancement": "bewitchment:hidden_unlocks/demon_heart",
    "pages": [
        {
            "type": "patchouli:text",
            "text": "$(l:bewitchment:rituals/rituals)捆绑仪式利用更强大的恶魔力量来交叉施加施法者和其所钟爱动物的灵魂，使其成为熟悉的存在。$(l:bewitchment:rituals/rituals)应用于的动物是通过$(l:bewitchment:tools/taglock)Taglock$()定义的。请注意，不是所有的东西都可以被绑定为熟悉；可能的熟悉通常在本书中有所提及。"
        },
        {
            "type": "bewitchment:ritual",
            "recipe": "bewitchment:rituals/binding",
            "text": "绑定熟悉是一个更大的步骤，并根据所选择的动物带来了多种益处。本书中的所有可能伙伴都有详细说明。"
        },
        {
            "type": "patchouli:text",
            "text": "伙伴比普通动物更加坚韧，但是仍应尽力保护它们的安全。可以从它们身上发出微弱的魔法粒子。"
        },
        {
            "type": "bewitchment:ritual",
            "recipe": "bewitchment:rituals/severing",
            "text": "$(l:bewitchment:rituals/rituals)解绑仪式可以施展，这样您就可以与宠物告别了。"
        }
    ]
}