{
    "category": "bewitchment:rituals",
    "name": "净化",
    "icon": "minecraft:golden_apple",
    "advancement": "bewitchment:hidden_unlocks/chalk",
    "pages": [
        {
            "type": "patchouli:text",
            "text": "净化$(l:bewitchment:curses/conducting_curses)诅咒$()的$(l:bewitchment:rituals/rituals)Ritual$()需要祈求光芒洗礼其目标。目标需要使用$(l:bewitchment:tools/taglock)目标令牌$()指定。$(br2)$(l:bewitchment:rituals/rituals)Ritual$()还适用于僵尸村民。这样做会将它们变成普通村民。"
        },
        {
            "type": "bewitchment:ritual",
            "recipe": "bewitchment:rituals/cleansing",
            "text": "请注意，此$(l:bewitchment:rituals/rituals)Ritual$()并不保证成功。某些$(l:bewitchment:curses/conducting_curses)诅咒$()可能更难摆脱，但是 -就像洗涤一样- 大力擦洗一下就能把任何东西擦掉。"
        }
    ]
}