{
    "category": "bewitchment:rituals",
    "name": "黑化",
    "icon": "minecraft:obsidian",
    "advancement": "bewitchment:hidden_unlocks/chalk",
    "pages": [
        {
            "type": "patchouli:text",
            "text": "这个$(l:bewitchment:rituals/rituals)仪式$()会释放一波黑暗能量。它会摧毁附近任何易碎的光源。"
        },
        {
            "type": "bewitchment:ritual",
            "recipe": "bewitchment:rituals/darken"
        }
    ]
}