{
    "category": "bewitchment:rituals",
    "name": "洪水",
    "icon": "minecraft:water_bucket",
    "advancement": "bewitchment:hidden_unlocks/chalk",
    "pages": [
        {
            "type": "patchouli:text",
            "text": "一个较小的$(l:bewitchment:rituals/rituals)仪式$()，召唤水之精灵让雨水神秘地降落。$(br2)雨水本身是超自然的，粗略的时间跨度可达半天——假设该$(l:bewitchment:rituals/rituals)仪式$()没有以某种方式得到$(l:bewitchment:creatures/cat)强化$()。"
        },
        {
            "type": "bewitchment:ritual",
            "recipe": "bewitchment:rituals/deluge"
        }
    ]
}