{
    "category": "bewitchment:rituals",
    "name": "占卜",
    "icon": "minecraft:emerald_ore",
    "advancement": "bewitchment:hidden_unlocks/chalk",
    "pages": [
        {
            "type": "patchouli:text",
            "text": "占卜$(l:bewitchment:rituals/rituals)仪式$()会搜索中央图形下的特定方块（位于其所附着的方块下方）。$(br2)它不会泄露确切的位置，只会告诉你它们的数量。$(br2)在搜寻这些方块时，请记住这个$(l:bewitchment:rituals/rituals)仪式$()的半径受到一个区块的限制$(l:bewitchment:creatures/cat)在正常条件下$()。"
        },
        {
            "type": "bewitchment:ritual",
            "recipe": "bewitchment:rituals/divination"
        }
    ]
}