{
    "category": "bewitchment:rituals",
    "name": "浸湿",
    "icon": "minecraft:ghast_tear",
    "advancement": "bewitchment:hidden_unlocks/chalk",
    "pages": [
        {
            "type": "patchouli:text",
            "text": "这是一个$(l:bewitchment:rituals/rituals)仪式$()，它充满了水元素的能量，使周围所有物体都变湿，并熄灭火焰。$(br2)它的范围相当有限，所以通常只在需要让某些东西湿润的特殊情况下使用。"
        },
        {
            "type": "bewitchment:ritual",
            "recipe": "bewitchment:rituals/drench"
        }
    ]
}