{
    "category": "bewitchment:rituals",
    "name": "旱灾",
    "icon": "minecraft:dead_bush",
    "advancement": "bewitchment:hidden_unlocks/chalk",
    "pages": [
        {
            "type": "patchouli:text",
            "text": "旱灾$(l:bewitchment:rituals/rituals)仪式$()让空气变得干燥，停止所有雨水。$(br2)它的持续时间与它的对应物——$(l:bewitchment:rituals/deluge)洪水$()相似。"
        },
        {
            "type": "bewitchment:ritual",
            "recipe": "bewitchment:rituals/drought"
        }
    ]
}