{
    "category": "bewitchment:rituals",
    "name": "妖术",
    "icon": "minecraft:iron_sword",
    "advancement": "bewitchment:hidden_unlocks/chalk",
    "pages": [
        {
            "type": "patchouli:text",
            "text": "通过施展一个简单的妖术$(l:bewitchment:rituals/rituals)仪式$()，可以补偿魔法能量。这将从物品中删除所有附魔，并在此过程中修复物品。$(br2)受该$(l:bewitchment:rituals/rituals)仪式$()影响的物品必须在启动后投入圆圈。它还将重置物品的铁砧费用。"
        },
        {
            "type": "bewitchment:ritual",
            "recipe": "bewitchment:rituals/hex"
        }
    ]
}