{
    "category": "bewitchment:rituals",
    "name": "飓风",
    "icon": "minecraft:feather",
    "advancement": "bewitchment:hidden_unlocks/chalk",
    "pages": [
        {
            "type": "patchouli:text",
            "text": "通过魔法创造魔法风，这个$(l:bewitchment:rituals/rituals)仪式$()将除去附近所有的植物和树叶。$(br2)它还会将任何被卷入风中的实体击飞到很高很高的空中。"
        },
        {
            "type": "bewitchment:ritual",
            "recipe": "bewitchment:rituals/hurricane"
        }
    ]
}