{
    "category": "bewitchment:rituals",
    "name": "灌输",
    "icon": "minecraft:enchanted_book",
    "advancement": "bewitchment:hidden_unlocks/chalk",
    "pages": [
        {
            "type": "patchouli:text",
            "text": "这是一个极其强大的$(l:bewitchment:rituals/rituals)仪式$()，通过呼唤深层、晦涩的水之力量，能够将强大的附魔施加在物品上。$(br2)被附魔的物品必须在启动$(o)之后$()扔进圈子里。$(br2)每个被施加附魔的物品需要五级经验。"
        },
        {
            "type": "bewitchment:ritual",
            "recipe": "bewitchment:rituals/imbue"
        }
    ]
}