{
    "category": "bewitchment:rituals",
    "name": "永生",
    "icon": "minecraft:diamond",
    "advancement": "bewitchment:hidden_unlocks/chalk",
    "pages": [
        {
            "type": "patchouli:text",
            "text": "这个$(l:bewitchment:rituals/rituals)仪式$()的光芒是最高级别的，可以暂时授予不死之身。任何伤害-除了虚空外-都会被完全抵消。$(br2)这个效果适用于附近的任何生物，并持续约半天。"
        },
        {
            "type": "bewitchment:ritual",
            "recipe": "bewitchment:rituals/immortality"
        }
    ]
}