{
    "category": "bewitchment:rituals",
    "name": "提炼",
    "icon": "minecraft:blaze_powder",
    "advancement": "bewitchment:hidden_unlocks/chalk",
    "pages": [
        {
            "type": "patchouli:text",
            "text": "这个$(l:bewitchment:rituals/rituals)仪式$()召唤火灵元，并使魔法圈成为一个大型冶炼炉。$(br2)任何投入其中的物品都会像投入熔炉一样熔制。$(br2)这个$(l:bewitchment:rituals/rituals)仪式$()持续几分钟。"
        },
        {
            "type": "bewitchment:ritual",
            "recipe": "bewitchment:rituals/refine"
        }
    ]
}