{
    "category": "bewitchment:rituals",
    "name": "仪式",
    "icon": "bewitchment:golden_chalk",
    "advancement": "bewitchment:hidden_unlocks/altars",
    "priority": true,
    "pages": [
        {
            "type": "patchouli:text",
            "text": "仪式是一种有直接作用于世界的强大魔法实践。通过绘制圆圈并投入适当的成分来施法。"
        },
        {
            "type": "patchouli:text",
            "text": "仪式需要附近有提供$(l:bewitchment:introduction/altars)能量$()的$(l:bewitchment:introduction/altars)祭坛$()，所需$(l:bewitchment:introduction/altars)能量$()的数量总是在仪式的条目中注明。$(br2)每个仪式都有一个内圆和一个可选的外圆，取决于仪式所需。"
        },
        {
            "type": "patchouli:multiblock",
            "multiblock": {
                "mapping": {
                    "g": "bewitchment:glyph",
                    "0": "bewitchment:golden_glyph"
                },
                "pattern": [
                    [
                        "___ggggg___",
                        "__g_____g__",
                        "_g__ggg__g_",
                        "g__g___g__g",
                        "g_g_____g_g",
                        "g_g__0__g_g",
                        "g_g_____g_g",
                        "g__g___g__g",
                        "_g__ggg__g_",
                        "__g_____g__",
                        "___ggggg___"
                    ]
                ]
            },
            "text": "一个金色的符号总是形成圆圈的中心。"
        },
        {
            "type": "patchouli:crafting",
            "recipe": "bewitchment:chalk",
            "recipe2": "bewitchment:golden_chalk",
            "anchor": "chalk"
        },
        {
            "type": "patchouli:crafting",
            "recipe": "bewitchment:fiery_chalk",
            "recipe2": "bewitchment:eldritch_chalk"
        }
    ]
}