{
    "category": "bewitchment:rituals",
    "name": "惩众击伤",
    "icon": "minecraft:redstone",
    "advancement": "bewitchment:hidden_unlocks/chalk",
    "pages": [
        {
            "type": "patchouli:text",
            "text": "惩众击伤在$(l:bewitchment:rituals/rituals)仪式$()的有效位置召唤闪电。$(br2)这对$(l:bewitchment:tools/waystone)路石$()非常有效。"
        },
        {
            "type": "bewitchment:ritual",
            "recipe": "bewitchment:rituals/smite"
        }
    ]
}