{
    "category": "bewitchment:rituals",
    "name": "召唤凋零兽",
    "icon": "minecraft:wither_skeleton_skull",
    "advancement": "bewitchment:hidden_unlocks/demon_horn",
    "pages": [
        {
            "type": "patchouli:text",
            "text": "召唤凋零兽。$(br2)了解凋零兽的破坏倾向，建议在远离住所的地方使用。$(br2)与大多数召唤$(l:bewitchment:rituals/rituals)$()不同，这项仪式不需要祭品。"
        },
        {
            "type": "bewitchment:ritual",
            "recipe": "bewitchment:rituals/summon_wither"
        }
    ]
}