{
    "category": "bewitchment:rituals",
    "name": "召唤巴颇墨特",
    "icon": "bewitchment:baphomet_spawn_egg",
    "advancement": "bewitchment:hidden_unlocks/demon_heart",
    "pages": [
        {
            "type": "patchouli:text",
            "text": "通过恶魔传信，这个$(l:bewitchment:rituals/rituals)仪式$()召唤$(l:bewitchment:creatures/baphomet)巴颇墨特$()。您需要将它们远离其他生物。$(br2)如有需要，准备$(l:bewitchment:tools/grotesque_stew)恶心炖汤$()，可以$(l:bewitchment:tools/grotesque_stew)效忠于它们。$(br2)仪式的开始需要使用$(l:bewitchment:tools/athame)阿萨摩刀刺杀一只绵羊。"
        },
        {
            "type": "bewitchment:ritual",
            "recipe": "bewitchment:rituals/summon_baphomet"
        }
    ]
}