{
    "category": "bewitchment:rituals",
    "name": "召唤恶魔",
    "icon": "bewitchment:demon_spawn_egg",
    "advancement": "bewitchment:hidden_unlocks/demon_horn",
    "pages": [
        {
            "type": "patchouli:text",
            "text": "这个$(l:bewitchment:rituals/rituals)仪式$()通过使用$(l:bewitchment:tools/athame)阿萨摩刀$() 杀死一个人从地狱中召唤出一个$(l:bewitchment:creatures/demon)恶魔$()。$(br2)$(l:bewitchment:creatures/demon)恶魔$()提供各种交易，但它们通常会攻击您，除非您穿戴$(l:bewitchment:tools/besmirched_armor)污渍盔甲$()。$(br2)如果它们攻击了您，请将它们远离易燃物品。"
        },
        {
            "type": "bewitchment:ritual",
            "recipe": "bewitchment:rituals/summon_demon"
        }
    ]
}