{
    "category": "bewitchment:rituals",
    "name": "召唤伦纳德",
    "icon": "bewitchment:leonard_spawn_egg",
    "advancement": "bewitchment:hidden_unlocks/demon_heart",
    "pages": [
        {
            "type": "patchouli:text",
            "text": "这个$(l:bewitchment:rituals/rituals)仪式$()召唤了酿酒之神$(l:bewitchment:brewing/brewing_basics)Brews$()，召唤出了$(l:bewitchment:creatures/leonard)Leonard$()本尊。$(br2)一定要远离你珍视之物。$(br2)准备好$(l:bewitchment:tools/grotesque_stew)怪异炖菜$()，以示向他宣誓效忠。$(br2)$(l:bewitchment:rituals/rituals)仪式$()需要用$(l:bewitchment:tools/athame)雕刻刀$()祭祀一只绵羊进行起始。"
        },
        {
            "type": "bewitchment:ritual",
            "recipe": "bewitchment:rituals/summon_leonard"
        }
    ]
}