{
    "category": "bewitchment:rituals",
    "name": "传送",
    "icon": "minecraft:ender_pearl",
    "advancement": "bewitchment:hidden_unlocks/chalk",
    "pages": [
        {
            "type": "patchouli:text",
            "text": "这个强大的$(l:bewitchment:rituals/rituals)仪式$()可以将其周围的任何物体传送到目标位置。$(br2)这对于使用$(l:bewitchment:tools/waystone)道石$()非常有效，可以将实体传送到偏远的地方。$(br2)此$(l:bewitchment:rituals/rituals)仪式$()可以使用$(l:bewitchment:tools/taglock)附加标记$()或$(l:bewitchment:tools/waystone)道石$()进行传送。"
        },
        {
            "type": "bewitchment:ritual",
            "recipe": "bewitchment:rituals/warp"
        }
    ]
}