{
    "name": "AR控制器",
    "icon": "advancedperipherals:ar_controller",
    "category": "advancedperipherals:peripherals",
    "pages": [
        {
            "type": "text",
            "text": "AR控制器用于无线控制AR眼镜。你可以在覆盖层上画任何你想要的东西，只要你戴着这个眼镜就可以看到。$(p)完整的文档请参阅$(9)$(l:https://docs.intelligence-modding.de/peripherals/ar_controller/)官方维基页面$(/l)$()！"
        },
        {
            "type": "crafting",
            "recipe": "advancedperipherals:ar_controller"
        },
        {
            "type": "multiblock",
            "multiblock": {
                "mapping": {
                    "0": "computercraft:computer_advanced",
                    "P": "advancedperipherals:ar_controller"
                },
                "pattern": [
                    [
                        "0P"
                    ]
                ]
            },
            "text": "将AR控制器连接到计算机上以进行使用！"
        }
    ]
}