{
    "name": "方块阅读器",
    "icon": "advancedperipherals:block_reader",
    "category": "advancedperipherals:peripherals",
    "pages": [
        {
            "type": "text",
            "text": "这个方块可以读取它前面方块和实体方块的数据。$(p)完整的文档请参阅$(9)$(l:https://docs.intelligence-modding.de/peripherals/block_reader/)官方维基页面$(/l)$()！"
        },
        {
            "type": "crafting",
            "recipe": "advancedperipherals:block_reader"
        },
        {
            "type": "multiblock",
            "multiblock": {
                "mapping": {
                    "0": "computercraft:computer_advanced",
                    "P": "advancedperipherals:block_reader",
                    "T": "minecraft:dirt"
                },
                "pattern": [
                    [
                        "0PT"
                    ]
                ]
            },
            "text": "将你的方块阅读器连接到计算机并选择目标方块以进行使用！"
        }
    ]
}