{
    "name": "聊天盒",
    "icon": "advancedperipherals:chat_box",
    "category": "advancedperipherals:peripherals",
    "pages": [
        {
            "type": "text",
            "text": "聊天盒外设允许你通过发送和接收消息与游戏聊天交互。$(p)你甚至可以发送只能聊天盒可见的消息，如果你的消息以 `$` 开头。$(p)完整的文档请参阅$(9)$(l:https://docs.intelligence-modding.de/peripherals/chat_box/)官方维基页面$(/l)$()！"
        },
        {
            "type": "crafting",
            "recipe": "advancedperipherals:chat_box"
        },
        {
            "type": "multiblock",
            "multiblock": {
                "mapping": {
                    "0": "computercraft:computer_advanced",
                    "P": "advancedperipherals:chat_box"
                },
                "pattern": [
                    [
                        "0P"
                    ]
                ]
            },
            "text": "将你的聊天盒连接到计算机上以进行使用！"
        }
    ]
}