{
    "name": "殖民地集成器",
    "icon": "advancedperipherals:colony_integrator",
    "category": "advancedperipherals:peripherals",
    "pages": [
        {
            "type": "text",
            "text": "殖民地集成器可以与MineColonies中的殖民地互动。$(p)完整的文档请参阅$(9)$(l:https://docs.intelligence-modding.de/peripherals/colony_integrator/)官方维基页面$(/l)$()！"
        },
        {
            "type": "crafting",
            "recipe": "advancedperipherals:colony_integrator"
        },
        {
            "type": "multiblock",
            "multiblock": {
                "mapping": {
                    "0": "computercraft:computer_advanced",
                    "P": "advancedperipherals:colony_integrator"
                },
                "pattern": [
                    [
                        "0P"
                    ]
                ]
            },
            "text": "将你的殖民地集成器连接到村庄区域内的计算机上以进行使用！"
        }
    ]
}