{
    "name": "能量检测器",
    "icon": "advancedperipherals:energy_detector",
    "category": "advancedperipherals:peripherals",
    "pages": [
        {
            "type": "text",
            "text": "能量检测器可以检测能量流并作为电阻器使用。你可以定义最大流量来将它用作电阻器。$(p)完整的文档请参阅$(9)$(l:https://docs.intelligence-modding.de/peripherals/energy_detector/)官方维基页面$(/l)$()！"
        },
        {
            "type": "crafting",
            "recipe": "advancedperipherals:energy_detector"
        },
        {
            "type": "multiblock",
            "multiblock": {
                "mapping": {
                    "0": "computercraft:computer_advanced",
                    "P": "advancedperipherals:energy_detector"
                },
                "pattern": [
                    [
                        "0P"
                    ]
                ]
            },
            "text": "将你的能量检测器连接到计算机上以进行使用！"
        }
    ]
}