{
    "name": "环境检测器",
    "icon": "advancedperipherals:environment_detector",
    "category": "advancedperipherals:peripherals",
    "pages": [
        {
            "type": "text",
            "text": "环境检测器可以接收来自环境的信息，如当前时间、当前月相、方块的光照级别等等。$(p)完整的文档请参阅$(9)$(l:https://docs.intelligence-modding.de/peripherals/environment_detector/)官方维基页面$(/l)$()！"
        },
        {
            "type": "crafting",
            "recipe": "advancedperipherals:environment_detector"
        },
        {
            "type": "multiblock",
            "multiblock": {
                "mapping": {
                    "0": "computercraft:computer_advanced",
                    "P": "advancedperipherals:environment_detector"
                },
                "pattern": [
                    [
                        "0P"
                    ]
                ]
            },
            "text": "将你的环境检测器连接到计算机上以进行使用！"
        }
    ]
}