{
    "name": "地质扫描仪",
    "icon": "advancedperipherals:geo_scanner",
    "category": "advancedperipherals:peripherals",
    "pages": [
        {
            "type": "text",
            "text": "地质扫描仪提供附近方块和所在区块的信息。地质扫描仪在扫描之间有延迟，所以你需要准备好。$(p)完整文档请参阅$(9)$(l:https://docs.intelligence-modding.de/peripherals/geo_scanner/)官方Wiki页面$(/l)$()！"
        },
        {
            "type": "crafting",
            "recipe": "advancedperipherals:geo_scanner"
        },
        {
            "type": "multiblock",
            "multiblock": {
                "mapping": {
                    "0": "computercraft:computer_advanced",
                    "P": "advancedperipherals:geo_scanner"
                },
                "pattern": [
                    [
                        "0P"
                    ]
                ]
            },
            "text": "将你的地质扫描仪连接到电脑上，以充分利用它！"
        }
    ]
}