{
    "name": "库存管理器",
    "icon": "advancedperipherals:inventory_manager",
    "category": "advancedperipherals:peripherals",
    "pages": [
        {
            "type": "text",
            "text": "库存管理器可以与玩家的库存进行通信。你需要右键点击一个记忆卡并将其放入管理器中才能使用它。$(p)有关完整的文档，请查看 $(9)$(l:https://docs.intelligence-modding.de/peripherals/inventory_manager/)官方维基页面$(/l)$()！"
        },
        {
            "type": "crafting",
            "recipe": "advancedperipherals:inventory_manager"
        },
        {
            "type": "multiblock",
            "multiblock": {
                "mapping": {
                    "0": "computercraft:computer_advanced",
                    "P": "advancedperipherals:inventory_manager"
                },
                "pattern": [
                    [
                        "0P"
                    ]
                ]
            },
            "text": "连接你的库存管理器到电脑上来使用它！"
        }
    ]
}