{
    "name": "ME 桥接器",
    "icon": "advancedperipherals:me_bridge",
    "category": "advancedperipherals:peripherals",
    "pages": [
        {
            "type": "text",
            "text": "ME 桥接器可以与应用能源2进行交互。你可以检索物品、制作物品、获取所有物品列表等。ME 桥接器使用一个信道。$(p)有关完整的文档，请查看 $(9)$(l:https://docs.intelligence-modding.de/peripherals/me_bridge/)官方维基页面$(/l)$()！"
        },
        {
            "type": "crafting",
            "recipe": "advancedperipherals:me_bridge"
        },
        {
            "type": "multiblock",
            "multiblock": {
                "mapping": {
                    "0": "computercraft:computer_advanced",
                    "P": "advancedperipherals:me_bridge"
                },
                "pattern": [
                    [
                        "0P"
                    ]
                ]
            },
            "text": "连接你的 ME 桥接器到电脑上来使用它！"
        }
    ]
}