{
    "name": "NBT 存储",
    "icon": "advancedperipherals:nbt_storage",
    "category": "advancedperipherals:peripherals",
    "pages": [
        {
            "type": "text",
            "text": "NBT 存储是一个自定义块，允许输入/输出自定义数据到块中。主要提供 ID 支持。$(p)有关完整的文档，请查看 $(9)$(l:https://docs.intelligence-modding.de/peripherals/nbt_storage/)官方维基页面$(/l)$()！"
        },
        {
            "type": "crafting",
            "recipe": "advancedperipherals:nbt_storage"
        },
        {
            "type": "multiblock",
            "multiblock": {
                "mapping": {
                    "0": "computercraft:computer_advanced",
                    "P": "advancedperipherals:nbt_storage"
                },
                "pattern": [
                    [
                        "0P"
                    ]
                ]
            },
            "text": "连接你的 NBT 存储到电脑上来使用它！"
        }
    ]
}