{
    "name": "红石集成器",
    "icon": "advancedperipherals:redstone_integrator",
    "category": "advancedperipherals:peripherals",
    "pages": [
        {
            "type": "text",
            "text": "红石集成器能够与红石交互。你可以使用在计算机上使用的相同代码来操作红石集成器。$(p)对于需要在更多面输出红石信号的情况，你可能需要使用这个外设。$(p)有关完整的文档，请查看 $(9)$(l:https://docs.intelligence-modding.de/peripherals/redstone_integrator/)官方维基页面$(/l)$()！"
        },
        {
            "type": "crafting",
            "recipe": "advancedperipherals:redstone_integrator"
        },
        {
            "type": "multiblock",
            "multiblock": {
                "mapping": {
                    "0": "computercraft:computer_advanced",
                    "P": "advancedperipherals:redstone_integrator"
                },
                "pattern": [
                    [
                        "0P"
                    ]
                ]
            },
            "text": "连接你的红石集成器到电脑上来使用它！"
        }
    ]
}