{
    "category": "bewitchment:rituals",
    "name": "达到巫妖之境",
    "icon": "besmirchment:lich_gem",
    "entry_color": "C15600",
    "advancement": "bewitchment:hidden_unlocks/demon_heart",
    "flag": "bsm_lichdom",
    "pages": [
        {
            "type": "patchouli:text",
            "text": "终于，不朽之身:$(br2)这个$(l:bewitchment:rituals/rituals)仪式$()允许施法者或距其最近的玩家达到更高的人体不朽状态（或不朽状态？）$(br)这种状态被称为巫妖。$(br)它通过将身体绑定到外部的圣物上来定义，从而使灵魂供应加强。没有圣物的巫妖几乎没有能力。"
        },
        {
            "type": "patchouli:crafting",
            "recipe": "besmirchment:phylactery",
            "text": "圣物内的灵魂数量与巫妖的力量成比例，如$(l:besmirchment:rituals/lichdom#quirks)成为巫妖的怪癖$()中所述。$(br)用巫妖宝石来填充。"
        },
        {
            "type": "patchouli:spotlight",
            "item": "besmirchment:lich_gem",
            "text": "不死亡灵宝石与魔垢共同打造。$(br)需要手持不死亡灵宝石，杀死一个纯净的存在，通常是村民。$(br)使用魂化的不死亡灵宝石填充魔垢。"
        },
        {
            "type": "bewitchment:ritual",
            "recipe": "besmirchment:rituals/reach_lichdom",
            "text": "启动这个仪式需要缺少灵魂，或者简单来说就是拥有$(l:bewitchment:curses/apathy)无动于衷$()诅咒。$(br)还需要献祭一个恶魔实体。"
        },
        {
            "type": "patchouli:text",
            "anchor": "quirks",
            "title": "不死亡灵的特点",
            "text": "不死亡灵拥有许多值得注意的特点。$(br)首先，只要魔垢存活，它们就无法死亡。当被杀死时，它们会在原地重生，恢复满血，并从魔垢中消耗一个灵魂。$(br)也就是说，同时只能有一个魔垢存在（尝试放置新的魔垢会导致旧的魔垢被摧毁）。"
        },
        {
            "type": "patchouli:text",
            "text": "魔垢存放的灵魂很少的不死亡灵通常很弱，但它们的力量随着它们聚集的灵魂越多而增长。$(br)拥有足够多灵魂后，它们甚至可以变成幽灵形态！这种形态需要大量的计算资源，但可以穿过方块。可以使用$(l:besmirchment:tools/witchy_dye)女巫染料$()进行染色。要进入你的幽灵形态，按[$(k:bewitchment.transformation_ability)]。"
        },
        {
            "type": "patchouli:text",
            "text": "最后，不死亡灵被认为是亡灵，许多人可能会逃离它们。这也意味着它们对$(l:bewitchment:intro/silver)银$()很敏感。当被它杀死时，它们会立即被送回魔垢，消耗两个灵魂，并且不会复活。$(br2)$(o)当连续复活时，不死亡灵也可以通过潜行自愿返回魔垢。$(br2)不死亡灵被视为变形，因此不能成为吸血鬼、狼人等$()。"
        }
    ]
}