{
    "name": "流血",
    "icon": "apotheosis:textures/mob_effect/bleeding.png",
    "category": "apotheosis:potion/effects",
    "flag": "apotheosis:potion",
    "sortnum": 1,
    "pages": [
        {
            "type": "patchouli:text",
            "text": "$(c)流血$()是由$(l:apotheosis:village/fletching#broadhead)钝头箭$()造成的负面效果。$(p)它会导致你每两秒钟承受一次伤害。"
        },
        {
            "type": "patchouli:text",
            "text": "$(c)流血$()的伤害随着等级的提高而增加。$(p)$(c)流血$()的伤害可以穿透盔甲。"
        }
    ]
}