{
    "name": "古老知识",
    "icon": "minecraft:experience_bottle",
    "category": "apotheosis:potion/effects",
    "flag": "apotheosis:potion",
    "sortnum": 0,
    "pages": [
        {
            "type": "patchouli:text",
            "text": "$(9)古老知识药水$()是一个有益的效果。$(p)在效果下，你杀死的任何生物产生的经验都会增加。"
        },
        {
            "type": "patchouli:text",
            "text": "在一级时，它将四倍经验掉落。$(p)在二级时，它将把它们乘以8。"
        }
    ]
}