{
    "name": "破甲",
    "icon": "apotheosis:textures/mob_effect/sundering.png",
    "category": "apotheosis:potion/effects",
    "flag": "apotheosis:potion",
    "sortnum": 0,
    "pages": [
        {
            "type": "patchouli:text",
            "text": "$(c)破甲药水$() 是一种负面效果。$(p)当你受到这种效果时，你所承受的所有伤害都会按等级增加 20%。"
        },
        {
            "type": "patchouli:text",
            "text": "它是直接对抗抵抗效果的，并且与抗性效果叠加。$(p)如果你有破甲 II 和抗性 II，你将受到正常伤害。"
        }
    ]
}