{
    "name": "4）天使石英",
    "category": "ae2:getting_started",
    "icon": "ae2:quartz_cluster",
    "sortnum": 40,
    "pages": [
        {
            "type": "patchouli:text",
            "text": "$(thing)天使石英$()是在$(l:ae2:getting_started/compass)流星$()中发现的奇妙材料。 它与$(item)紫水晶$()类似，生长过程中大部分$(l:ae2:getting_started/certus#budding)蘊芽方块$(/l)似乎会随时间而凋零。$(br2)它用于许多$(thing)AE2$()配方中作为制作原料，可以用来制作$(l:ae2:equipment/quartz_tools)铁级工具$(/l)，粉碎成$(item)粉尘$()，用于装饰等。"
        },
        {
            "type": "patchouli:spotlight",
            "item": "ae2:quartz_cluster",
            "text": "$(thing)天使石英$()的生长过程包括3个$(thing)蘊芽$()阶段和一个完全成长的$(thing)簇$()阶段。在任何$(thing)蘊芽$()阶段中破坏它都只会掉落一块$(thing)天使石英粉尘$()（不受$(item)时运$()影响）。破坏完全成长的$(thing)簇$()将掉落4个$(thing)天使石英水晶$()，受$(item)时运$()影响。"
        },
        {
            "type": "patchouli:spotlight",
            "anchor": "budding",
            "item": "ae2:flawless_budding_quartz",
            "title": "蘊芽天使石英",
            "text": "$(thing)蘊芽天使石英$()有4个等级。$(br2)$(thing)完美无瑕$()是最好的，永远不会凋萎，但只能在流星中找到。下降质量的下3个等级依次为$(thing)有瑕疵$()、$(thing)磨损$()和$(thing)残破$()。"
        },
        {
            "type": "patchouli:text",
            "text": "当其中一个$(thing)蘊芽$()块生长出$(thing)天使石英蘊芽$()时，它有机会衰减为更低的等级，$(thing)残破$()阶段衰减为普通的$(thing)天使石英块$()。$(br2)方便的是，这些会衰减的$(thing)蘊芽块$()可以通过将其中之一（或$(thing)天使石英块$）与$(l:ae2:getting_started/charger)充电的天使石英$()一起扔进水池中来将它们的等级提高1（最高为$(thing)有瑕疵$()）。"
        },
        {
            "type": "patchouli:text",
            "text": "通常情况下，任何$(thing)萌发纯净水晶$()都会变成普通的$(thing)纯净水晶块$()。如果使用$(item)丝滑之触$()打破它，$(thing)萌发块$()将会降低一阶。如果你想在你的基地拥有$(thing)完美萌发水晶$()，那么你需要找出另一种运移它的方法。"
        },
        {
            "type": "patchouli:crafting",
            "anchor": "cga",
            "recipe": "ae2:network/blocks/crystal_processing_quartz_growth_accelerator",
            "text": "$(thing)水晶加速器$()可以显著提高$(thing)纯净水晶$()和$(thing)紫水晶$()的生长速度。$(thing)CGA$()置于根$(l:ae2:getting_started/certus#budding)萌发块$()的相邻位置。"
        },
        {
            "type": "patchouli:text",
            "text": "$(thing)CGA$()需要能量才能运行。它们接受$(l:ae2:concepts/power)网络能源$(/l)或$(l:ae2:getting_started/crank)手摇曲柄$(/l)。它们不接受 $(item)外部能源$()。能量只连接到$(thing)CGA$()的两个对立面。$(br2)$(thing)CGA$()可以被$(l:ae2:equipment/wrench)旋转$(/l)。这只影响能量的连接位置；相邻的 $(thing)萌芽方块$()可以从 $(thing)CGA$() 的任一侧 $(thing)生长加速$()。此外，多个$(thing)CGA$()可以同时加速一个$(thing)萌芽方块$()。"
        },
        {
            "type": "patchouli:image",
            "images": [
                "ae2:textures/patchouli/images/crystal_growth_accelerator_setup.png"
            ],
            "border": true,
            "title": "示例装置"
        }
    ]
}