{
    "name": "1) 充能器",
    "category": "ae2:getting_started",
    "icon": "ae2:charger",
    "sortnum": 10,
    "pages": [
        {
            "type": "patchouli:text",
            "text": "$(thing)充能器$()用于充电$(l:ae2:catalog/chargeable)多种AE2 物品$(/l)，并用于某些合成。特别是用于合成$(l:ae2:getting_started/compass)陨石罗盘$(/l)和$(thing)充能纯净水晶$()。$(br2)$(thing)充能器$()接受$(l:ae2:concepts/power)网络能源、大多数外部能源$(/l)，或可以使用$(l:ae2:getting_started/crank)手摇曲柄$(/l)手动供电。"
        },
        {
            "type": "patchouli:crafting",
            "recipe": "ae2:network/blocks/crystal_processing_charger",
            "text": "它仅从其“顶部“或“底部“接受$(thing)能量$()。请注意，它可以被$(l:ae2:equipment/wrench)旋转$(/l)。$(br2)你可以通过[$(k:use)]将物品放入或取出卡槽，或使用像 $(item)漏斗$()，$(item)管道$()，$(l:ae2:examples/subnets/pipe)子网$() 等自动化方式。"
        }
    ]
}