{
    "name": "2) 陨石和罗盘",
    "category": "ae2:getting_started",
    "icon": "ae2:meteorite_compass",
    "sortnum": 20,
    "extra_recipe_mappings": {
        "ae2:mysterious_cube": 0
    },
    "pages": [
        {
            "type": "patchouli:text",
            "text": "$(thing)陨石$()可以在超平原表面上找到。它们包含一些$(l:ae2:getting_started/certus)纯净水晶$()和一个中央 $(thing)神秘方块$()。它们还被包裹在大量的$(item)天界石$()中。$(br2)$(thing)神秘方块$()被打破时会掉落所有4个$(l:ae2:getting_started/inscriber)铭刻机板$(/l)。"
        },
        {
            "type": "patchouli:spotlight",
            "item": "ae2:meteorite_compass",
            "link_recipe": true,
            "text": "$(thing)陨石罗盘$()通过将普通罗盘放入$(l:ae2:getting_started/charger)充能器$(/l)中合成。$(br2)此$(thing)罗盘$()指向最近的包含$(thing)神秘方块$()（因此包含陨石）的区块。$(br2)慢旋转表示范围内找不到任何$(thing)神秘方块$。"
        }
    ]
}