{
    "name": "木曲轴",
    "category": "ae2:getting_started",
    "icon": "ae2:crank",
    "sortnum": 100,
    "pages": [
        {
            "type": "patchouli:text",
            "text": "$(thing)木曲轴$()可用于手动操作$(l:ae2:getting_started/charger)充能器$(/l)，$(l:ae2:getting_started/inscriber)铭刻机$(/l)，以及$(l:ae2:getting_started/certus#cga)晶体生长加速器$(/l)。$(br2)要将$(thing)曲轴$()放在$(thing)充能器$()上，按住[$(k:sneak)]，然后按[$(k:use)]。 $(thing)木曲轴$()只能放置在有效的能量输入端（通常是顶部或底部）。"
        },
        {
            "type": "patchouli:crafting",
            "recipe": "ae2:network/blocks/crank",
            "text": "每次旋转可生成$(l:ae2:concepts/power)160 AE$()。需要10次旋转才能生成足够的能量来在 $(thing)充能器$() 中合成一个物品。$(br2)若用法过度则可能会损坏。"
        }
    ]
}