{
    "name": "5) Fluix 晶体",
    "category": "ae2:getting_started",
    "icon": "ae2:fluix_crystal",
    "sortnum": 50,
    "pages": [
        {
            "type": "patchouli:text",
            "text": "$(thing)荧光水晶$()用于多种配方。通过将$(l:ae2:getting_started/charger)充电荧光水晶$(/l)、$(item)红石$()和$(item)地狱石英$()投入水池中即可获得。$(br2)它们可以在$(l:ae2:getting_started/inscriber)铭刻机$(/l)中被粉碎成$(thing)荧光粉尘$()。$(br2)还有一种块形式，可用于升级$(l:ae2:equipment/quartz_tools#fluix)石英工具$(/l)。"
        },
        {
            "type": "patchouli:spotlight",
            "item": "ae2:fluix_crystal",
            "link_recipe": true
        }
    ]
}