{
    "name": "3) 铭刻机",
    "category": "ae2:getting_started",
    "icon": "ae2:inscriber",
    "sortnum": 30,
    "pages": [
        {
            "type": "patchouli:text",
            "text": "$(thing)铭刻机$()是AE2中常见的合成方式。它用于制作$(thing)处理器$()和某些$(thing)粉尘$()。$(br2)$(thing)铭刻机$()可接受$(l:ae2:concepts/power)网络能源、大部分外部形式的能源$(/l)，或者可以通过$(l:ae2:getting_started/crank)木质曲柄$(/l)手动供电。$(br2)它有$(l:ae2:concepts/sided)6个面$(/l)，可进行$(l:ae2:equipment/wrench)旋转$(/l)。"
        },
        {
            "type": "patchouli:crafting",
            "recipe": "ae2:network/blocks/inscribers",
            "text": "默认定向性侧面:$(li)顶部输入=顶部侧面$(li)中部输入=“侧面“$(li)底部输入=底部侧面$(li)输出=“侧面“$(br)侧面:北、东、南、西$(br2)输入插槽中的物品不会堆叠。"
        },
        {
            "type": "patchouli:text",
            "text": "$(thing)铭刻机$()有3个$(item)加速卡$()插槽，只接受$(l:ae2:misc/cards/acceleration)加速卡$(/l)。它们可以大幅提高处理速度。$(br2)您需要自动化$(thing)铭刻机$()。一个早期例子是使用$(item)漏斗$()。由于$(thing)铭刻机$()的定向性和$(item)漏斗$()的有限的相互作用面，您需要使用$(l:ae2:equipment/wrench)石英扳手$(/l)旋转$(thing)铭刻机$()。"
        },
        {
            "type": "patchouli:image",
            "images": [
                "ae2:textures/patchouli/images/inscriber_setup.png"
            ],
            "border": true,
            "title": "半自动化示例"
        },
        {
            "type": "patchouli:text",
            "title": "值得注意的配方",
            "text": "$(todo)<待办事项:铭刻机处理器配方。请暂时使用JEI或REI>$()$(li)印刷线路和硅$(li)处理器$(li)纯净水晶粉尘$(li)荧光粉尘$(li)末影粉尘$(li)天然石尘$(li)复制铭刻机板$(br2)逻辑=金锭$(br)工程=钻石$(br)计算=纯净水晶"
        }
    ]
}