{
    "name": "Allthemodium装甲",
    "icon": "allthemodium:allthemodium_chestplate",
    "category": "allthemodium:armour",
    "sortnum": 1,
    "pages": [
        {
            "type": "text",
            "text": "Allthemodium装甲除了护甲、韧性和抗击退之外，还有一些其他好处:$(li)水下呼吸$(li)使用滑翔翼飞行时无坠落伤害$(li)免疫火焰伤害$(li)无坠落伤害$(li)当您将装甲升级为下界合金时，保留附魔"
        },
        {
            "type": "smithing",
            "recipe": "allthemodium:smithing/allthemodium_helmet_smithing"
        },
        {
            "type": "smithing",
            "recipe": "allthemodium:smithing/allthemodium_chestplate_smithing"
        },
        {
            "type": "smithing",
            "recipe": "allthemodium:smithing/allthemodium_leggings_smithing"
        },
        {
            "type": "smithing",
            "recipe": "allthemodium:smithing/allthemodium_boots_smithing"
        }
    ]
}