{
    "name": "化学合成机",
    "icon": "alchemistry:combiner",
    "category": "alchemistry:combiner_category",
    "pages": [
        {
            "type": "text",
            "text": "化学合成机是一个带动力的机器，也许是Alchemistry中最重要的机器。它允许你组合元素、化合物和偶尔的其他物品来形成新物品。合成机最多可容纳4个输入物品，类似于2x2的制作栏，但与制作栏不同，它允许每个输入槽包含多个物品。$(br2)$(o)来自Warren教授的注释:压缩机很好，但过于简单。我对我可以用这些元素做什么很感兴趣。利用钻石的聚焦能力和黑曜石的抗击力，我能用活塞将这些元素压缩成更复杂的物品。"
        },
        {
            "type": "crafting",
            "recipe": "alchemistry:combiner",
            "text": "虽然合成机非常强大，但也很容易使用。要开始制作，请在合成机屏幕上选择你想要制作的物品，或使用JEI转移配方。"
        }
    ]
}