{
    "name": "狂战士之怒",
    "icon": "minecraft:enchanted_book",
    "category": "apotheosis:enchanting/enchantments",
    "flag": "apotheosis:enchanting",
    "sortnum": 1,
    "pages": [
        {
            "type": "patchouli:text",
            "text": "$(4)狂战士之怒$()是一种堕落的附魔，可应用于胸甲上。$(p)使用此附魔时，如果受到伤害，你将受到额外的伤害并获得抗性、速度和力量。"
        },
        {
            "type": "patchouli:text",
            "text": "受到的伤害和药水强度基于附魔等级。"
        }
    ]
}