{
    "name": "无尽箭袋",
    "icon": "minecraft:enchanted_book",
    "category": "apotheosis:enchanting/enchantments",
    "flag": "apotheosis:enchanting",
    "sortnum": 1,
    "pages": [
        {
            "type": "patchouli:text",
            "text": "$(2)无尽箭袋$()是一种弓的大师级附魔。$(p)当射箭时，无论箭矢类型如何，箭矢都不会被消耗。$(p)它被认为是 $(9)无限附魔$() 的直接升级。"
        },
        {
            "type": "patchouli:text",
            "text": "这个附魔甚至可以让来自其他模组的箭矢变成无限的。"
        }
    ]
}