{
    "name": "岁月的知识",
    "icon": "minecraft:enchanted_book",
    "category": "apotheosis:enchanting/enchantments",
    "flag": "apotheosis:enchanting",
    "sortnum": 1,
    "pages": [
        {
            "type": "patchouli:text",
            "text": "$(2)岁月的知识$() 是一种大师级附魔，可应用于剑上。$(p)当你杀死一个生物时，所有掉落物品都会转化为经验值。$(p)每个单独的物品都具有相同的经验值。"
        },
        {
            "type": "patchouli:text",
            "text": "这使得杀死掉落大量物品的生物更加高效。$(p)每项经验值随着附魔等级的提高而增加。$(p)作为一个预防措施，杀死一个玩家不会转化他们的物品为经验值。"
        }
    ]
}