{
    "name": "修补生命",
    "icon": "minecraft:enchanted_book",
    "category": "apotheosis:enchanting/enchantments",
    "flag": "apotheosis:enchanting",
    "sortnum": 1,
    "pages": [
        {
            "type": "patchouli:text",
            "text": "$(4)生命修复$()是一种适用于所有可损坏物品的腐化附魔。$(p)当$(9)修补$()将经验转化为耐久度时，$(4)生命修复$()将受到的治疗转化为耐久度。$(p)每点健康值增加的耐久度随等级增加。"
        },
        {
            "type": "patchouli:text",
            "text": "此外，这个魔咒可以在附魔台上找到。"
        }
    ]
}