{
    "name": "矿工狂热",
    "icon": "minecraft:enchanted_book",
    "category": "apotheosis:enchanting/enchantments",
    "flag": "apotheosis:enchanting",
    "sortnum": 1,
    "pages": [
        {
            "type": "patchouli:text",
            "text": "$(5)矿工狂热$()是一种诡异的附魔，可以应用于所有工具上。$(p)它能让你非常快速地破坏方块，但永远不会瞬间破坏。$(p)它与$(9)效率$()互斥。"
        },
        {
            "type": "patchouli:text",
            "text": "虽然有速度上限，但每级增益比$(9)效率$()高得多。$(p)这使得它成为慢速基础工具的理想选择。"
        }
    ]
}