{
    "name": "反射之盾",
    "icon": "minecraft:enchanted_book",
    "category": "apotheosis:enchanting/enchantments",
    "flag": "apotheosis:enchanting",
    "sortnum": 1,
    "pages": [
        {
            "type": "patchouli:text",
            "text": "$(9)反射之盾$()是一种盾牌附魔。$(p)它可以使所有被格挡的攻击者受到部分反弹的伤害。$(p)更具体的讲，被格挡伤害的15%将会反弹回去。"
        },
        {
            "type": "patchouli:text",
            "text": "反弹伤害会转化为魔法伤害。$(p)$(9)反射之盾$()等级越高，造成的伤害就会比原始伤害更多。"
        }
    ]
}