{
    "name": "拾荒者",
    "icon": "minecraft:enchanted_book",
    "category": "apotheosis:enchanting/enchantments",
    "flag": "apotheosis:enchanting",
    "sortnum": 1,
    "pages": [
        {
            "type": "patchouli:text",
            "text": "$(2)拾荒者$()是一种剑的大师附魔。$(p)每级增加2.5%的几率，使你在杀死生物时掉落两次战利品。$(p)成功时，收获将与杀死两个相同生物一样。"
        },
        {
            "type": "patchouli:text",
            "text": "此附魔对所有生物均有效，包括$(8)凋灵$()等首领生物。$(p)它也和$(9)抢夺$()叠加。"
        }
    ]
}