{
    "name": "稳固脚步",
    "icon": "minecraft:enchanted_book",
    "category": "apotheosis:enchanting/enchantments",
    "flag": "apotheosis:enchanting",
    "sortnum": 1,
    "pages": [
        {
            "type": "patchouli:text",
            "text": "$(9)稳固脚步$()是靴子的附魔。$(p)它能使飞行的破坏速度惩罚转为加成。$(p)这包含了所有不站在地面上的惩罚。"
        },
        {
            "type": "patchouli:text",
            "text": "与$(9)水下呼吸$()一起使用，可以在游泳时拥有完全的破坏速度。"
        }
    ]
}