{
    "name": "附魔类型",
    "icon": "minecraft:emerald",
    "category": "apotheosis:enchanting/enchantments",
    "flag": "apotheosis:enchanting",
    "sortnum": -1,
    "pages": [
        {
            "type": "patchouli:text",
            "text": "你可能会注意到一些附魔名称以不同的颜色呈现。$(p)这是因为Apotheosis引入了三个新的附魔子类别。$(p)每个子类别都有一些规则。"
        },
        {
            "type": "patchouli:text",
            "title": "大师级",
            "text": "$(2)大师级$()附魔代表最强和最稀有的附魔。$(p)它们总是需要至少55 $(fpower)才能获得。"
        },
        {
            "type": "patchouli:text",
            "title": "诡异的",
            "text": "$(5)诡异的$()附魔总是有一个好的效果和一个坏的效果。$(p)它们总是需要至少45 $(fpower)才能获得。"
        },
        {
            "type": "patchouli:text",
            "title": "堕落的",
            "text": "$(4)堕落的$()附魔具有与其效果相关联的生命值代价。$(p)它们总是需要至少65 $(fpower)才能获得。$(p)它们被认为是 $(c)curses$()。"
        }
    ]
}