{
    "name": "镀金护甲",
    "icon": "adventurez:stone_golem_chestplate",
    "category": "adventurez:item_category",
    "pages": [
        {
            "type": "text",
            "title": "镀金的下界合金盔甲",
            "text": "在锻造台上将你的下界合金盔甲镀金。镀金的下界合金碎片可以通过击败黑石傀儡获得。"
        },
        {
            "type": "smithing",
            "title": "锻造",
            "recipe": "adventurez:stone_golem_helmet",
            "recipe2": "adventurez:stone_golem_chestplate"
        },
        {
            "type": "smithing",
            "title": "锻造",
            "recipe": "adventurez:stone_golem_leggings",
            "recipe2": "adventurez:stone_golem_boots"
        },
        {
            "type": "empty",
            "draw_filler": false
        }
    ]
}