{
    "name": "主目之眼",
    "icon": "adventurez:prime_eye",
    "category": "adventurez:item_category",
    "pages": [
        {
            "type": "spotlight",
            "item": "adventurez:prime_eye",
            "text": "主目之眼是针对虚空之眼的残留物，能够被虚空之眼掉落。在锻造台上用末影珍珠填充它，你丢出它时会受到的伤害会降低。"
        },
        {
            "type": "empty",
            "draw_filler": false
        }
    ]
}