{
    "name": "源之石",
    "icon": "adventurez:source_stone",
    "category": "adventurez:item_category",
    "pages": [
        {
            "type": "spotlight",
            "item": "adventurez:source_stone",
            "text": "源之石是虚空影的掉落物品。它是一种传说中的石头，由一个名字早已被遗忘的黑暗法师在古代制作而成。右键可以射出虚空子弹。Shift+右键可以尝试穿过方块。"
        },
        {
            "type": "empty",
            "draw_filler": false
        }
    ]
}