{
    "name": "石傀儡之心",
    "icon": "adventurez:stone_golem_heart",
    "category": "adventurez:item_category",
    "pages": [
        {
            "type": "spotlight",
            "item": "adventurez:stone_golem_heart",
            "link_recipe": false,
            "text": "石傀儡之心是黑石傀儡的首领掉落物，可以用于三种不同的用途。它是制作傀儡之臂的材料，你可以将其注入自己的身体以获得一个增益效果或者用它来升级铁傀儡以使它变得更强大！"
        },
        {
            "type": "empty",
            "draw_filler": false
        }
    ]
}