{
    "name": "傀儡之臂",
    "icon": "adventurez:stone_golem_arm",
    "category": "adventurez:item_category",
    "pages": [
        {
            "type": "spotlight",
            "item": "adventurez:stone_golem_arm",
            "link_recipe": true,
            "text": "黑石傀儡之臂是使用黑石傀儡之心制作的一种武器，可以解锁将石头扔向敌人的能力。按住右键充能，直到它变成红色，并松开按钮投掷石头。"
        },
        {
            "type": "crafting",
            "recipe": "adventurez:stone_golem_arm"
        }
    ]
}