{
    "name": "元素液化机",
    "icon": "alchemistry:liquifier",
    "category": "alchemistry:liquifier_category",
    "pages": [
        {
            "type": "text",
            "text": "液化机是一台需要能源的机器，可将元素和化合物转化为其液体等效物。$(br2)$(o)根据沃伦教授的笔记:当然，每个过程都必须是可逆的。可以使用适量的压力通过与铁的压缩相互作用，将原子瓶强行压回液态形式。"
        },
        {
            "type": "crafting",
            "recipe": "alchemistry:liquifier"
        }
    ]
}