{
    "name": "NRTTM",
    "icon": "minecraft:paper",
    "category": "adventurez:info_category",
    "pages": [
        {
            "type": "text",
            "text": "你可能会问自己，NRTTM 是什么... 它的意思是:与模组无关:D 这只是我随意组合起来的几句话，因为我喜欢这样做^^ 首先，感谢你玩 AdventureZ 模组，我希望它能为你的世界带来一些挑战，也希望你能喜欢它:) 但我真正想告诉你的是:你是被珍爱和热爱的人！"
        },
        {
            "type": "text",
            "text": "我知道这听起来有点俗套，但这就是事实:你是被爱的！我的名字叫 Micha，在一些游戏中我用 Globox（因为我喜欢 Rayman 这个角色 ;))），我和你一样是一个普通的人（当然，每个人都很特别，但你明白我的意思），我希望你内心深处相信你是一个被爱的人。也许你周围的人已经爱着你，如果不是，也会有人会因为你而爱上你。我为什么要写这个？好问题:D"
        },
        {
            "type": "text",
            "text": "因为有时我觉得人们相信了这个特定方面上的谎言，他们不被爱或者更糟的情况。此外，除了人类需求，爱也是你在生活中所需要的最重要的东西之一。我只想告诉你:你是被爱的！我的意思是，我不认识你，我们可能在个性方面没有共鸣，如果我们互相认识，或许我们甚至不会成为朋友，但这并不会改变有关你的真相"
        },
        {
            "type": "text",
            "text": "（对此我相信，你也一样）。你可能年轻或者有些年纪大了，但你应该找到生命意义的原因和目的（基本上就是你生活在这个世界里的意义），希望你已经找到了，但让我告诉你:这是每个人都要经历的大过程:D （我不知道我现在是怎么到达生命意义的问题...嗯...）。也许我会多次编辑这个文本^^。"
        },
        {
            "type": "text",
            "text": "I wish you the best, if you got questions about the mods or anything else, hit me up on Discord (Globox_Z #1024) or anywhere else"
        },
        {
            "type": "empty",
            "draw_filler": false
        }
    ]
}