{
    "name": "AR眼镜",
    "icon": "advancedperipherals:ar_goggles",
    "category": "advancedperipherals:items",
    "pages": [
        {
            "type": "text",
            "text": "AR眼镜可以与$(9)$(l:peripherals/ar_controller)AR控制器$(/l)$()组合使用，随时在你去到的地方具有可定制的覆盖图层。有趣！$(p)用眼镜右键单击AR控制器将它们链接起来。$(p)有关完整文档，请参阅$(9)$(l:https://docs.intelligence-modding.de/items/ar_goggles/)$(/l)$()官方维基页面！"
        },
        {
            "type": "crafting",
            "recipe": "advancedperipherals:ar_goggles"
        }
    ]
}