{
    "name": "区块控制器",
    "icon": "advancedperipherals:chunk_controller",
    "category": "advancedperipherals:items",
    "pages": [
        {
            "type": "text",
            "text": "区块控制器是用于制作块状海龟的材料之一。$(p)与海龟或高级海龟组合使用可进行区块加载！$(p)有关完整文档，请参阅$(9)$(l:https://docs.intelligence-modding.de/items/chunk_controller/)$(/l)$()官方维基页面！"
        },
        {
            "type": "crafting",
            "recipe": "advancedperipherals:chunk_controller"
        }
    ]
}