{
    "name": "计算机工具",
    "icon": "advancedperipherals:computer_tool",
    "category": "advancedperipherals:items",
    "pages": [
        {
            "type": "text",
            "text": "计算机工具是一种用于打开GUI的工具。目前，计算机工具是无用的，它只是一个很棒的物品。$(p)有关完整文档，请参阅$(9)$(l:https://docs.intelligence-modding.de/items/computer_tool/)$(/l)$()官方维基页面！"
        },
        {
            "type": "crafting",
            "recipe": "advancedperipherals:computer_tool"
        }
    ]
}