{
    "name": "存储卡",
    "icon": "advancedperipherals:memory_card",
    "category": "advancedperipherals:items",
    "pages": [
        {
            "type": "text",
            "text": "$(9)$(l:items/ar_goggles)AR眼镜$(/l)$()可与$(9)$(l:peripherals/inventory_manager)库存管理器$(/l)$()组合使用，与玩家的库存进行通信。$(p)右键单击手持存储卡将其分配给你自己。$(p)有关完整文档，请参阅$(9)$(l:https://docs.intelligence-modding.de/items/ar_goggles/)$(/l)$()官方维基页面！"
        },
        {
            "type": "crafting",
            "recipe": "advancedperipherals:memory_card"
        }
    ]
}