{
    "name": "口袋计算机附加组件",
    "icon": "computercraft:pocket_computer_advanced",
    "category": "advancedperipherals:items",
    "pages": [
        {
            "type": "text",
            "text": "我们为以下外设提供了口袋计算机升级:$(li)$(9)$(l:peripherals/environment_detector)环境探测器$(/l)$()$(li)$(9)$(l:peripherals/player_detector)玩家检测器$(/l)$()$(li)$(9)$(l:peripherals/chat_box)聊天框$(/l)$()$(p)有关完整文档，请参阅$(9)$(l:https://docs.intelligence-modding.de/items/pocket_computer/)$(/l)$()官方维基页面！"
        },
        {
            "type": "text",
            "text": "只需将它们与口袋计算机组合即可将外设添加到其中。请注意，您无法使用相关事件。"
        }
    ]
}