{
    "name": "制箭",
    "icon": "minecraft:fletching_table",
    "category": "apotheosis:village/village",
    "flag": "apotheosis:village",
    "sortnum": -1,
    "pages": [
        {
            "type": "patchouli:text",
            "text": "Apotheosis引入了一种名为$(9)制箭$()的新类型制作方式。$(p)它允许你更有效地制作箭。$(p)除了制作方式外，还有新箭。"
        },
        {
            "type": "patchouli:spotlight",
            "item": "apotheosis:obsidian_arrow",
            "link_recipe": true,
            "text": "$(9)黑曜石箭$()是标准箭的直接升级品。$(p)它会导致所有远程攻击造成20%的额外伤害。"
        },
        {
            "type": "patchouli:spotlight",
            "item": "apotheosis:broadhead_arrow",
            "anchor": "broadhead",
            "link_recipe": true,
            "text": "适合长时间战斗的$(9)阔头箭$()。$(p)每次命中都会造成流血效果。每次额外命中都会刷新效果时间，并增加目标的流血程度。"
        },
        {
            "type": "patchouli:spotlight",
            "item": "apotheosis:explosive_arrow",
            "link_recipe": true,
            "text": "$(9)爆炸箭$()最适合面对群体。$(p)它会在撞击时引发爆炸。"
        },
        {
            "type": "patchouli:spotlight",
            "item": "apotheosis:iron_mining_arrow",
            "link_recipe": true,
            "text": "$(9)铁矿采集箭$()就像是一把飞行镐。$(p)使用此箭击中的所有方块都会像使用铁镐一样采集。"
        },
        {
            "type": "patchouli:spotlight",
            "item": "apotheosis:diamond_mining_arrow",
            "link_recipe": true,
            "text": "$(9)钻石采集箭$()是更好的飞行镐！$(p)使用此箭击中的所有方块都会像使用钻石镐一样采集。"
        }
    ]
}