{
    "name": "游荡商人",
    "icon": "minecraft:emerald",
    "category": "apotheosis:village/village",
    "flag": "apotheosis:village",
    "sortnum": 0,
    "pages": [
        {
            "type": "patchouli:text",
            "text": "你是否遇到过那些搞怪商人，在你的草坪上出现？$(p)那些就是$(9)游荡商人$()。$(p)通常他们只会卖些垃圾。"
        },
        {
            "type": "patchouli:text",
            "text": "然而，Apotheosis在商人的交易中添加了大量新的物品，所以和他们打交道其实是值得的。$(p)这些交易包括如$(9)信标$()，$(9)不死图腾$()和高度附魔的钻石装备等物品。"
        },
        {
            "type": "patchouli:text",
            "text": "Apotheosis还提高了游荡商人的出现率，并允许他们在地下生成，而不仅仅是在地表。"
        }
    ]
}