{
    "name": "裂变概览",
    "icon": "alchemistry:fission_chamber_controller",
    "category": "alchemistry:reactor_category",
    "sortnum": 1,
    "pages": [
        {
            "type": "text",
            "text": "裂变反应堆可以将元素结合的结构分离。除氢外，所有元素都可以裂变。在JEI中查看配方。$(br2)$(o)根据沃伦教授的笔记:从不稳定火魔身上得到的棒子启发我制作了一台新机器。$(br2)裂变反应堆是一个5x5x5的立方体结构，包括反应堆外壳的顶部、底部和角柱。核心区域有3个裂变核心块，并使用反应堆外壳或反应堆玻璃填充墙壁。该腔体完全惰性，如果没有裂变室控制器、能量输入和物品输入/输出块，则无法进行任何操作。"
        },
        {
            "type": "crafting",
            "recipe": "alchemistry:fission_chamber_controller",
            "text": "尽管不是核心，但裂变室控制器是裂变反应堆的核心。该机器控制核心内发生的所有事情。它需要能源，并且可以具有物品输入和输出。"
        },
        {
            "type": "crafting",
            "recipe": "alchemistry:fission_core",
            "text": "核心和周围的空气是裂变发生的地方。将物品放入核心中，然后分裂原子，留下元素供实验使用。"
        }
    ]
}