{
    "name": "融合概述",
    "icon": "alchemistry:fusion_chamber_controller",
    "category": "alchemistry:reactor_category",
    "sortnum": 3,
    "pages": [
        {
            "type": "text",
            "text": "聚变反应堆允许您将两个元素融合在一起创建新元素。输出结果将由两个输入原子序数的总和决定。有关配方，请查看JEI。$(br2)$(o)根据沃伦教授的笔记:聚变需要使用星辰和一些只在下界深处才能找到的元素。使用这些元素对裂变反应堆组件进行一些改动，我获得了一个更强大的反应堆，能够将两个元素的原子序数相加融合成一个元素。通过巧妙地运用裂变和聚变，我现在可以将任何元素转化为任何其他元素。"
        },
        {
            "type": "crafting",
            "recipe": "alchemistry:fusion_chamber_controller",
            "text": "聚变室的核心控制着将元素碾碎在一起的过程。它需要能量并且可以有一个物品的输入和输出。"
        },
        {
            "type": "crafting",
            "recipe": "alchemistry:fusion_core",
            "text": "两者成一体的地方；在反应堆核心和周边空气中。物品被放置在核心内并以高速撞击一起，将小元素合并成更大的元素，供您进行其他实验。"
        }
    ]
}