{
    "name": "反应堆:概述",
    "icon": "alchemistry:reactor_casing",
    "category": "alchemistry:reactor_category",
    "sortnum": 0,
    "priority": true,
    "pages": [
        {
            "type": "text",
            "text": "裂变和聚变反应堆是操纵物质形成元素的重要组成部分，它们是复杂的多方块机器，需要满足许多要求才能开始工作。$(br2)每个反应堆都需要若干个这些方块:$(li)反应堆外壳$(li)反应堆玻璃$(li)反应堆控制器$(li)反应堆核心$(li)能量输入$(li)物品输入$(li)物品输出"
        },
        {
            "type": "crafting",
            "title": "反应堆外壳",
            "recipe": "alchemistry:reactor_casing",
            "text": "反应堆外壳构成了反应堆结构的大部分。外壳具有承受分裂和聚合元素压力的强度。制作单个反应堆需要许多这样的方块。"
        },
        {
            "type": "spotlight",
            "title": "反应堆玻璃",
            "item": "alchemistry:reactor_glass",
            "text": "反应堆玻璃允许您查看反应堆内部。它带有铅衬，希望可以将辐射控制在一定范围内。这些可以在合成机中制作，可以查看JEI中的配方。"
        },
        {
            "type": "crafting",
            "title": "反应堆能量",
            "recipe": "alchemistry:reactor_energy",
            "text": "您的反应堆需要能量——大量的能量。这个方块可以连接到能量电缆上，希望电缆能够承受这样的挑战。"
        },
        {
            "type": "crafting",
            "title": "反应堆输入",
            "recipe": "alchemistry:reactor_input",
            "text": "您可以手动将元素放入反应堆，但是这样有何乐趣？将其连接到物品传送管以自动化您的反应堆。"
        },
        {
            "type": "crafting",
            "title": "反应堆输出",
            "recipe": "alchemistry:reactor_output",
            "text": "基本上与反应堆输入相同，但是相反。"
        }
    ]
}