{
    "name": "化学分解机",
    "icon": "alchemistry:compactor",
    "category": "alchemistry:compactor_category",
    "pages": [
        {
            "type": "text",
            "text": "压缩机是一种供电机器，可通过压缩它们的组件来形成简单的物品。$(br2)$(o)来自沃伦教授的笔记:最简单的原子操纵形式是将一个元素或化合物组装成一个更方便的形式:粉末等等。增加更多的活塞，一切都会被挤压在一起。"
        },
        {
            "type": "crafting",
            "recipe": "alchemistry:compactor"
        }
    ]
}