{
    "name": "Allthemodium盔甲",
    "icon": "allthemodium:allthemodium_chestplate",
    "category": "allthemodium:armour",
    "sortnum": 1,
    "pages": [
        {
            "type": "text",
            "text": "除了防具、韧性和抗击退性外，Allthemodium盔甲还具有以下优点:$(li)呼吸水下$(li)在使用滑翔翼飞行时不会有撞击伤害$(li)免疫火焰伤害$(li)不需要担心掉落伤害$(li)当你将盔甲从虔诚合金升级时，会保留附魔"
        },
        {
            "type": "crafting",
            "recipe": "allthemodium:main/allthemodium_helmet",
            "recipe2": "kubejs:minecraft_netherite_helmet_upgrade"
        },
        {
            "type": "crafting",
            "recipe": "allthemodium:main/allthemodium_chestplate",
            "recipe2": "kubejs:minecraft_netherite_chestplate_upgrade"
        },
        {
            "type": "crafting",
            "recipe": "allthemodium:main/allthemodium_leggings",
            "recipe2": "kubejs:minecraft_netherite_leggings_upgrade"
        },
        {
            "type": "crafting",
            "recipe": "allthemodium:main/allthemodium_boots",
            "recipe2": "kubejs:minecraft_netherite_boots_upgrade"
        }
    ]
}