{
    "name": "不可获取元素装甲",
    "icon": "allthemodium:unobtainium_chestplate",
    "category": "allthemodium:armour",
    "sortnum": 3,
    "pages": [
        {
            "type": "text",
            "text": "不可获取元素装甲具有振动元素装甲所有属性，但护甲、韧性和反击抗性大大增强，还增加了:$(li)能保护免遭烈焰抛射器的浮空效果。"
        },
        {
            "type": "crafting",
            "recipe": "allthemodium:main/unobtainium_helmet",
            "recipe2": "allthemodium:main/unobtainium_chestplate"
        },
        {
            "type": "crafting",
            "recipe": "allthemodium:main/unobtainium_leggings",
            "recipe2": "allthemodium:main/unobtainium_boots"
        }
    ]
}