{
    "name": "振动元素装甲",
    "icon": "allthemodium:vibranium_chestplate",
    "category": "allthemodium:armour",
    "sortnum": 2,
    "pages": [
        {
            "type": "text",
            "text": "振动元素装甲除了所有钅元素装甲的属性外，还具有:$(li)减少凋灵的攻击效果$(li)抵御魔法攻击$(li)免疫晕眩效果$(li)升级时也会保留附魔效果。"
        },
        {
            "type": "crafting",
            "recipe": "allthemodium:main/vibranium_helmet",
            "recipe2": "allthemodium:main/vibranium_chestplate"
        },
        {
            "type": "crafting",
            "recipe": "allthemodium:main/vibranium_leggings",
            "recipe2": "allthemodium:main/vibranium_boots"
        }
    ]
}