{
    "category": "bewitchment:curses",
    "name": "狼人吸血鬼症",
    "icon": "bewitchment:garlic_bread",
    "entry_color": "C15600",
    "advancement": "bewitchment:hidden_unlocks/demon_heart",
    "flag": "bsm_werepyrism",
    "pages": [
        {
            "type": "patchouli:text",
            "text": "狼人吸血鬼症是一种混合的$(l:bewitchment:curses/conducting_curses)咒语$()，通过将$(l:bewitchment:curses/lycanthropy)狼人症$()和$(l:bewitchment:curses/vampirism)吸血鬼症$()结合形成。$(br)$(l:besmirchment:creatures/werepyre)狼人吸血鬼$()遭受着与前两者相同的症状，尽管他们在兽形态下可能无法飞行。取而代之的是，它们可以剧烈地振翅。由于它们的精神表面属于狼人而不是吸血鬼，太阳在人类模样下不会烧伤他们，但会削弱他们。"
        },
        {
            "type": "patchouli:text",
            "text": "有两种方法可以成为$(l:besmirchment:creatures/werepyre)狼人吸血鬼$():$(li)在与$(l:bewitchment:curses/lycanthropy)狼人症$()相同的条件下被感染，或$(li1)在与$(l:bewitchment:curses/vampirism)吸血鬼症$()相同的条件下被$(l:bewitchment:creatures/vampire)吸血鬼$()感染，但作为狼人。$(br2)你可能应该为想要这个而感到羞愧。"
        }
    ]
}